conversion_id,customer_id,campaign_id,lead_date,conversion_date,revenue
CV5000,CUST1003,C100,2026-07-07,2026-07-16,84.4
CV5001,CUST1004,C100,2026-07-01,2026-07-14,134.53
CV5002,CUST1010,C105,2026-04-18,2026-05-06,186.5
CV5003,CUST1011,C107,2026-05-24,2026-06-10,111.89
CV5004,CUST1012,C108,2026-01-25,2026-01-26,79.86
CV5005,CUST1013,C104,2026-05-27,2026-06-11,549.29
CV5006,CUST1021,C116,2026-04-17,2026-04-19,156.73
CV5007,CUST1023,C119,2026-05-24,2026-06-09,408.43
CV5008,CUST1028,C116,2026-04-16,2026-04-21,57.81
CV5009,CUST1029,C104,2026-05-27,2026-06-15,188.43
CV5010,CUST1034,C101,2026-05-15,2026-05-20,107.68
CV5011,CUST1040,C111,2026-05-08,2026-05-10,98.47
CV5012,CUST1045,C105,2026-04-24,2026-05-01,65.69
CV5013,CUST1052,C115,2026-02-22,2026-02-25,117.4
CV5014,CUST1057,C102,2026-01-07,2026-01-24,173.74
CV5015,CUST1060,C118,2026-06-11,2026-06-14,81.7
CV5016,CUST1068,C107,2026-05-23,2026-06-05,83.46
CV5017,CUST1076,C102,2026-01-03,2026-01-10,221.14
CV5018,CUST1077,C106,2026-02-03,2026-02-06,511.66
CV5019,CUST1082,C101,2026-05-21,2026-06-05,154.41
CV5020,CUST1090,C102,2026-01-09,2026-01-27,57.22
CV5021,CUST1094,C102,2026-01-10,2026-01-20,58.18
CV5022,CUST1099,C116,2026-04-16,2026-04-23,187.18
CV5023,CUST1100,C107,2026-05-28,2026-06-06,548.08
CV5024,CUST1107,C102,2026-01-08,2026-01-13,189.92
CV5025,CUST1108,C117,2026-05-17,2026-05-25,153.71
CV5026,CUST1118,C100,2026-07-05,2026-07-19,108.74
CV5027,CUST1120,C115,2026-03-03,2026-03-07,221.09
CV5028,CUST1129,C118,2026-06-09,2026-06-23,119.13
CV5029,CUST1133,C112,2026-07-01,2026-07-13,170.92
CV5030,CUST1144,C102,2026-01-05,2026-01-07,60.52
CV5031,CUST1145,C116,2026-04-14,2026-04-27,169.92
CV5032,CUST1147,C111,2026-05-09,2026-05-10,565.55
CV5033,CUST1149,C105,2026-04-16,2026-04-23,186.6
CV5034,CUST1161,C109,2026-04-04,2026-04-13,102.08
CV5035,CUST1166,C114,2026-04-10,2026-04-27,61.44
CV5036,CUST1169,C101,2026-05-18,2026-05-31,117.78
CV5037,CUST1170,C116,2026-04-14,2026-04-24,120.28
CV5038,CUST1171,C107,2026-05-25,2026-06-10,213.53
CV5039,CUST1177,C109,2026-04-08,2026-04-14,168.1
CV5040,CUST1183,C112,2026-07-07,2026-07-23,199.99
CV5041,CUST1186,C107,2026-05-30,2026-06-10,63.38
CV5042,CUST1188,C115,2026-02-26,2026-03-01,216.32
CV5043,CUST1193,C101,2026-05-16,2026-05-25,203.54
CV5044,CUST1199,C105,2026-04-22,2026-05-07,131.97
CV5045,CUST1205,C111,2026-05-05,2026-05-18,209.9
CV5046,CUST1210,C105,2026-04-18,2026-04-28,364.3
CV5047,CUST1213,C114,2026-04-11,2026-04-24,129.64
CV5048,CUST1218,C112,2026-07-04,2026-07-21,72.91
CV5049,CUST1229,C114,2026-04-16,2026-04-23,214.19
CV5050,CUST1234,C100,2026-06-28,2026-07-04,572.99
CV5051,CUST1240,C115,2026-02-22,2026-03-07,144.48
CV5052,CUST1241,C118,2026-06-10,2026-06-27,101.15
CV5053,CUST1245,C114,2026-04-12,2026-04-27,99.25
CV5054,CUST1250,C111,2026-05-13,2026-05-17,107.62
CV5055,CUST1257,C109,2026-04-04,2026-04-19,140.58
CV5056,CUST1262,C109,2026-04-07,2026-04-21,443.24
CV5057,CUST1267,C103,2026-01-08,2026-01-19,98.73
CV5058,CUST1270,C101,2026-05-17,2026-05-21,288.4
CV5059,CUST1272,C119,2026-05-29,2026-06-01,400.56
CV5060,CUST1274,C117,2026-05-21,2026-05-23,188.51
CV5061,CUST1275,C102,2026-01-06,2026-01-16,135.31
CV5062,CUST1276,C100,2026-06-29,2026-07-12,117.29
CV5063,CUST1277,C100,2026-06-27,2026-07-15,108.62
CV5064,CUST1278,C118,2026-06-09,2026-06-25,219.97
CV5065,CUST1282,C102,2026-01-09,2026-01-20,131.01
CV5066,CUST1283,C100,2026-07-06,2026-07-16,110.86
CV5067,CUST1285,C107,2026-05-21,2026-05-30,74.72
CV5068,CUST1286,C109,2026-04-01,2026-04-13,106.32
CV5069,CUST1292,C101,2026-05-15,2026-06-03,520.78
CV5070,CUST1302,C106,2026-02-04,2026-02-05,130.06
CV5071,CUST1315,C115,2026-02-27,2026-03-17,342.97
CV5072,CUST1320,C104,2026-05-26,2026-06-09,182.11
CV5073,CUST1328,C119,2026-05-23,2026-05-24,159.97
CV5074,CUST1339,C106,2026-02-08,2026-02-25,200.07
CV5075,CUST1350,C115,2026-02-26,2026-03-09,107.9
CV5076,CUST1352,C112,2026-07-09,2026-07-24,95.07
CV5077,CUST1354,C106,2026-02-07,2026-02-11,102.76
CV5078,CUST1357,C102,2026-01-02,2026-01-17,224.21
CV5079,CUST1361,C114,2026-04-14,2026-04-28,99.44
CV5080,CUST1362,C111,2026-05-10,2026-05-11,132.82
CV5081,CUST1372,C109,2026-04-09,2026-04-18,117.98
CV5082,CUST1376,C104,2026-05-30,2026-06-06,485.09
CV5083,CUST1378,C105,2026-04-26,2026-05-07,89.48
CV5084,CUST1379,C118,2026-06-03,2026-06-05,113.55
CV5085,CUST1380,C107,2026-05-23,2026-05-25,102.5
CV5086,CUST1394,C109,2026-04-10,2026-04-16,88.62
CV5087,CUST1410,C105,2026-04-15,2026-05-04,153.43
CV5088,CUST1413,C112,2026-07-07,2026-07-21,409.4
CV5089,CUST1416,C115,2026-02-25,2026-02-28,70.48
CV5090,CUST1417,C110,2026-02-21,2026-02-28,57.11
CV5091,CUST1420,C102,2026-01-03,2026-01-10,92.79
CV5092,CUST1422,C119,2026-05-29,2026-06-02,130.49
CV5093,CUST1425,C108,2026-01-22,2026-01-27,130.0
CV5094,CUST1430,C102,2026-01-12,2026-01-29,320.12
CV5095,CUST1432,C110,2026-02-13,2026-02-17,127.75
CV5096,CUST1433,C111,2026-05-15,2026-05-28,58.03
CV5097,CUST1452,C112,2026-07-04,2026-07-20,185.91
CV5098,CUST1455,C105,2026-04-22,2026-05-08,81.69
CV5099,CUST1457,C118,2026-06-04,2026-06-06,172.38
CV5100,CUST1464,C104,2026-06-02,2026-06-20,96.77
CV5101,CUST1467,C117,2026-05-22,2026-05-23,118.24
CV5102,CUST1468,C114,2026-04-14,2026-05-02,60.37
CV5103,CUST1470,C110,2026-02-20,2026-02-28,82.75
CV5104,CUST1471,C116,2026-04-09,2026-04-20,358.69
CV5105,CUST1477,C100,2026-06-26,2026-07-11,86.51
CV5106,CUST1479,C105,2026-04-22,2026-05-08,215.46
CV5107,CUST1480,C116,2026-04-11,2026-04-28,102.33
CV5108,CUST1481,C104,2026-06-04,2026-06-21,98.36
CV5109,CUST1484,C102,2026-01-08,2026-01-20,157.95
CV5110,CUST1488,C109,2026-04-05,2026-04-15,185.53
CV5111,CUST1496,C112,2026-07-03,2026-07-09,290.36
CV5112,CUST1506,C102,2026-01-10,2026-01-18,175.35
CV5113,CUST1512,C116,2026-04-18,2026-05-01,91.44
CV5114,CUST1516,C104,2026-05-29,2026-05-31,78.18
CV5115,CUST1519,C110,2026-02-19,2026-03-10,68.9
CV5116,CUST1520,C118,2026-06-04,2026-06-14,107.68
CV5117,CUST1523,C101,2026-05-17,2026-05-21,111.46
CV5118,CUST1530,C101,2026-05-24,2026-06-05,60.46
CV5119,CUST1534,C114,2026-04-13,2026-05-01,84.19
CV5120,CUST1539,C103,2026-01-17,2026-01-24,135.31
CV5121,CUST1540,C109,2026-04-05,2026-04-09,194.45
CV5122,CUST1554,C118,2026-06-08,2026-06-15,96.59
CV5123,CUST1557,C110,2026-02-13,2026-02-23,527.21
CV5124,CUST1558,C115,2026-02-23,2026-03-10,76.78
CV5125,CUST1559,C107,2026-05-21,2026-06-02,193.86
CV5126,CUST1565,C117,2026-05-18,2026-05-19,111.19
CV5127,CUST1568,C104,2026-05-31,2026-06-18,146.43
CV5128,CUST1570,C109,2026-04-06,2026-04-22,145.79
CV5129,CUST1571,C105,2026-04-15,2026-04-20,212.99
CV5130,CUST1574,C108,2026-01-22,2026-02-10,59.19
CV5131,CUST1575,C111,2026-05-16,2026-05-20,78.41
CV5132,CUST1576,C113,2026-03-12,2026-03-18,63.6
CV5133,CUST1578,C116,2026-04-13,2026-04-30,289.27
CV5134,CUST1595,C113,2026-03-09,2026-03-16,63.22
CV5135,CUST1603,C114,2026-04-15,2026-04-22,418.0
CV5136,CUST1606,C114,2026-04-11,2026-04-20,99.97
CV5137,CUST1608,C117,2026-05-17,2026-05-30,139.71
CV5138,CUST1612,C114,2026-04-13,2026-04-27,110.38
CV5139,CUST1613,C104,2026-05-23,2026-06-08,157.51
CV5140,CUST1615,C106,2026-02-06,2026-02-15,221.19
CV5141,CUST1616,C116,2026-04-11,2026-04-26,219.5
CV5142,CUST1620,C112,2026-07-07,2026-07-12,105.49
CV5143,CUST1627,C117,2026-05-19,2026-06-06,115.67
CV5144,CUST1635,C116,2026-04-15,2026-04-23,189.85
CV5145,CUST1640,C104,2026-05-28,2026-06-12,113.32
CV5146,CUST1650,C115,2026-02-24,2026-03-05,133.38
CV5147,CUST1661,C119,2026-05-31,2026-06-19,390.53
CV5148,CUST1669,C101,2026-05-12,2026-05-18,195.35
CV5149,CUST1679,C118,2026-06-01,2026-06-05,83.17
CV5150,CUST1681,C100,2026-07-03,2026-07-14,205.48
CV5151,CUST1688,C105,2026-04-17,2026-04-27,112.17
CV5152,CUST1690,C110,2026-02-17,2026-02-20,75.18
CV5153,CUST1697,C117,2026-05-15,2026-05-16,203.81
CV5154,CUST1699,C104,2026-06-03,2026-06-15,123.51
CV5155,CUST1700,C109,2026-04-06,2026-04-21,77.39
CV5156,CUST1702,C101,2026-05-15,2026-05-30,89.15
CV5157,CUST1704,C107,2026-05-19,2026-06-02,132.17
CV5158,CUST1712,C110,2026-02-14,2026-02-21,465.37
CV5159,CUST1717,C104,2026-05-23,2026-06-09,174.44
CV5160,CUST1722,C108,2026-01-25,2026-02-13,129.83
CV5161,CUST1724,C111,2026-05-12,2026-05-19,534.61
CV5162,CUST1726,C102,2026-01-01,2026-01-04,180.8
CV5163,CUST1728,C107,2026-05-20,2026-05-23,143.13
CV5164,CUST1729,C107,2026-05-29,2026-06-16,132.86
CV5165,CUST1730,C110,2026-02-22,2026-03-08,210.45
CV5166,CUST1745,C106,2026-02-02,2026-02-05,109.49
CV5167,CUST1746,C107,2026-05-22,2026-05-29,70.7
CV5168,CUST1747,C113,2026-03-07,2026-03-14,58.28
CV5169,CUST1763,C105,2026-04-18,2026-04-23,201.54
CV5170,CUST1769,C109,2026-04-11,2026-04-14,476.96
CV5171,CUST1771,C114,2026-04-11,2026-04-29,117.11
CV5172,CUST1772,C114,2026-04-13,2026-04-28,175.48
CV5173,CUST1784,C104,2026-06-01,2026-06-15,159.26
CV5174,CUST1785,C109,2026-04-04,2026-04-08,105.57
CV5175,CUST1789,C114,2026-04-14,2026-04-22,130.09
CV5176,CUST1797,C103,2026-01-16,2026-01-29,425.01
CV5177,CUST1799,C112,2026-07-03,2026-07-11,123.75
CV5178,CUST1809,C109,2026-04-03,2026-04-18,219.9
CV5179,CUST1812,C105,2026-04-16,2026-05-03,198.45
CV5180,CUST1814,C114,2026-04-08,2026-04-13,103.15
CV5181,CUST1816,C110,2026-02-18,2026-02-22,500.87
CV5182,CUST1818,C112,2026-07-07,2026-07-18,155.8
CV5183,CUST1819,C107,2026-05-18,2026-06-05,215.79
CV5184,CUST1827,C103,2026-01-15,2026-01-25,113.75
CV5185,CUST1835,C108,2026-01-17,2026-02-03,201.39
CV5186,CUST1844,C113,2026-03-13,2026-03-28,130.83
CV5187,CUST1856,C102,2026-01-08,2026-01-14,143.88
CV5188,CUST1865,C110,2026-02-21,2026-03-09,167.33
CV5189,CUST1888,C118,2026-06-05,2026-06-20,198.92
CV5190,CUST1894,C117,2026-05-23,2026-05-31,548.33
CV5191,CUST1913,C113,2026-03-12,2026-03-21,93.36
CV5192,CUST1919,C100,2026-06-28,2026-07-09,153.36
CV5193,CUST1921,C107,2026-05-22,2026-05-24,116.58
CV5194,CUST1927,C114,2026-04-17,2026-04-30,134.58
CV5195,CUST1929,C101,2026-05-15,2026-05-19,107.4
CV5196,CUST1931,C113,2026-03-07,2026-03-16,95.17
CV5197,CUST1939,C115,2026-02-24,2026-03-01,150.23
CV5198,CUST1942,C109,2026-04-02,2026-04-21,56.09
CV5199,CUST1943,C106,2026-02-06,2026-02-09,158.59
CV5200,CUST1946,C115,2026-02-28,2026-03-03,73.71
CV5201,CUST1947,C118,2026-06-12,2026-06-18,313.39
CV5202,CUST1948,C103,2026-01-14,2026-01-24,114.02
CV5203,CUST1958,C102,2026-01-07,2026-01-12,78.24
CV5204,CUST1963,C105,2026-04-24,2026-04-27,178.77
CV5205,CUST1971,C109,2026-04-09,2026-04-16,548.01
CV5206,CUST1980,C101,2026-05-21,2026-06-08,67.75
CV5207,CUST1982,C106,2026-01-30,2026-02-07,155.96
CV5208,CUST1986,C103,2026-01-13,2026-01-14,81.09
CV5209,CUST1987,C112,2026-07-09,2026-07-13,88.86
CV5210,CUST1993,C109,2026-04-06,2026-04-13,107.81
CV5211,CUST2001,C111,2026-05-16,2026-05-30,457.17
CV5212,CUST2006,C111,2026-05-09,2026-05-22,206.6
CV5213,CUST2009,C109,2026-04-06,2026-04-16,167.23
CV5214,CUST2012,C113,2026-03-15,2026-04-02,94.65
CV5215,CUST2013,C101,2026-05-20,2026-05-21,83.99
CV5216,CUST2020,C107,2026-05-22,2026-05-26,108.68
CV5217,CUST2025,C107,2026-05-25,2026-06-10,215.86
CV5218,CUST2029,C104,2026-06-03,2026-06-19,181.7
CV5219,CUST2031,C103,2026-01-12,2026-01-30,542.65
CV5220,CUST2046,C107,2026-05-19,2026-05-27,298.88
CV5221,CUST2051,C109,2026-04-09,2026-04-19,569.96
CV5222,CUST2052,C106,2026-02-02,2026-02-18,68.09
CV5223,CUST2053,C102,2026-01-10,2026-01-21,362.09
CV5224,CUST2061,C101,2026-05-16,2026-05-22,59.41
CV5225,CUST2068,C109,2026-04-08,2026-04-09,220.85
CV5226,CUST2076,C104,2026-05-24,2026-06-05,552.64
CV5227,CUST2079,C107,2026-05-21,2026-05-27,214.58
CV5228,CUST2086,C109,2026-04-06,2026-04-19,110.22
CV5229,CUST2090,C106,2026-02-03,2026-02-20,86.69
CV5230,CUST2092,C114,2026-04-14,2026-04-15,115.14
CV5231,CUST2105,C106,2026-02-01,2026-02-09,221.34
CV5232,CUST2114,C110,2026-02-22,2026-03-02,88.16
CV5233,CUST2115,C107,2026-05-21,2026-06-01,126.07
CV5234,CUST2118,C114,2026-04-18,2026-05-02,98.15
CV5235,CUST2119,C116,2026-04-19,2026-04-29,222.05
CV5236,CUST2122,C117,2026-05-24,2026-06-08,559.09
CV5237,CUST2126,C109,2026-04-09,2026-04-16,111.16
CV5238,CUST2129,C102,2026-01-10,2026-01-17,217.06
CV5239,CUST2131,C101,2026-05-22,2026-06-01,113.21
CV5240,CUST2133,C112,2026-07-07,2026-07-11,198.15
CV5241,CUST2135,C102,2026-01-07,2026-01-25,101.97
CV5242,CUST2140,C111,2026-05-07,2026-05-17,136.77
CV5243,CUST2141,C115,2026-03-02,2026-03-21,478.83
CV5244,CUST2144,C109,2026-04-07,2026-04-21,89.38
CV5245,CUST2150,C102,2026-01-10,2026-01-23,111.16
CV5246,CUST2152,C113,2026-03-11,2026-03-26,87.47
CV5247,CUST2159,C113,2026-03-05,2026-03-21,64.18
CV5248,CUST2162,C114,2026-04-18,2026-04-20,105.6
CV5249,CUST2171,C113,2026-03-10,2026-03-14,186.34
CV5250,CUST2177,C103,2026-01-12,2026-01-30,455.97
CV5251,CUST2188,C102,2026-01-07,2026-01-24,77.18
CV5252,CUST2189,C105,2026-04-22,2026-05-02,334.07
CV5253,CUST2190,C104,2026-05-25,2026-06-03,85.87
CV5254,CUST2194,C108,2026-01-16,2026-01-31,117.03
CV5255,CUST2203,C102,2026-01-07,2026-01-19,77.51
CV5256,CUST2205,C105,2026-04-23,2026-05-02,401.35
CV5257,CUST2214,C108,2026-01-23,2026-02-06,160.87
CV5258,CUST2215,C102,2026-01-10,2026-01-23,429.32
CV5259,CUST2227,C114,2026-04-08,2026-04-14,72.45
CV5260,CUST2238,C112,2026-06-29,2026-07-18,552.07
CV5261,CUST2243,C118,2026-06-08,2026-06-12,78.75
CV5262,CUST2249,C112,2026-07-10,2026-07-27,132.55
CV5263,CUST2251,C105,2026-04-21,2026-05-10,126.1
CV5264,CUST2254,C107,2026-05-26,2026-05-29,383.23
CV5265,CUST2258,C112,2026-07-01,2026-07-15,60.32
CV5266,CUST2261,C109,2026-04-01,2026-04-18,58.11
CV5267,CUST2266,C110,2026-02-19,2026-03-04,94.73
CV5268,CUST2273,C117,2026-05-15,2026-05-24,478.13
CV5269,CUST2277,C112,2026-06-30,2026-07-01,168.55
CV5270,CUST2284,C108,2026-01-18,2026-02-04,523.93
CV5271,CUST2289,C102,2026-01-10,2026-01-26,109.7
CV5272,CUST2307,C109,2026-04-06,2026-04-24,115.9
CV5273,CUST2315,C102,2026-01-10,2026-01-12,310.42
CV5274,CUST2318,C106,2026-02-07,2026-02-21,99.14
CV5275,CUST2323,C114,2026-04-16,2026-05-03,121.01
CV5276,CUST2331,C102,2026-01-10,2026-01-13,112.31
CV5277,CUST2333,C108,2026-01-21,2026-01-23,166.29
CV5278,CUST2340,C113,2026-03-14,2026-03-22,114.88
CV5279,CUST2341,C119,2026-06-02,2026-06-04,95.47
CV5280,CUST2344,C116,2026-04-15,2026-04-17,56.58
CV5281,CUST2345,C111,2026-05-09,2026-05-18,105.67
CV5282,CUST2347,C115,2026-03-05,2026-03-11,97.64
CV5283,CUST2348,C104,2026-05-27,2026-06-08,69.61
CV5284,CUST2349,C119,2026-05-29,2026-06-07,149.97
CV5285,CUST2350,C105,2026-04-23,2026-04-30,56.5
CV5286,CUST2355,C105,2026-04-19,2026-05-01,501.98
CV5287,CUST2356,C114,2026-04-12,2026-04-17,76.65
CV5288,CUST2366,C113,2026-03-06,2026-03-22,462.91
CV5289,CUST2373,C106,2026-01-31,2026-02-05,117.23
CV5290,CUST2379,C114,2026-04-14,2026-04-26,140.94
CV5291,CUST2383,C111,2026-05-05,2026-05-14,119.38
CV5292,CUST2388,C115,2026-02-28,2026-03-07,96.49
CV5293,CUST2391,C110,2026-02-22,2026-03-13,71.49
CV5294,CUST2392,C112,2026-07-08,2026-07-19,419.77
CV5295,CUST2394,C107,2026-05-23,2026-06-04,103.39
CV5296,CUST2397,C113,2026-03-07,2026-03-10,158.58
CV5297,CUST2401,C112,2026-07-06,2026-07-23,113.22
CV5298,CUST2407,C118,2026-06-05,2026-06-12,125.23
CV5299,CUST2412,C114,2026-04-15,2026-04-25,106.64
CV5300,CUST2418,C117,2026-05-25,2026-06-09,487.48
CV5301,CUST2424,C112,2026-06-30,2026-07-02,173.38
CV5302,CUST2431,C106,2026-02-01,2026-02-14,125.11
CV5303,CUST2432,C113,2026-03-09,2026-03-13,109.62
CV5304,CUST2437,C111,2026-05-14,2026-06-01,117.49
CV5305,CUST2443,C108,2026-01-26,2026-01-27,58.62
CV5306,CUST2447,C108,2026-01-21,2026-01-23,60.99
CV5307,CUST2451,C107,2026-05-21,2026-05-23,211.17
CV5308,CUST2452,C117,2026-05-17,2026-05-21,202.87
CV5309,CUST2461,C102,2026-01-10,2026-01-13,179.15
CV5310,CUST2467,C111,2026-05-12,2026-05-29,218.4
CV5311,CUST2480,C105,2026-04-14,2026-04-28,97.37
CV5312,CUST2484,C108,2026-01-20,2026-01-22,130.92
CV5313,CUST2489,C114,2026-04-17,2026-05-03,102.63
CV5314,CUST2491,C106,2026-02-01,2026-02-12,182.49
CV5315,CUST2496,C103,2026-01-07,2026-01-20,223.29
CV5316,CUST2499,C117,2026-05-15,2026-05-16,130.67
CV5317,CUST2509,C103,2026-01-15,2026-01-17,94.26
CV5318,CUST2516,C102,2026-01-12,2026-01-14,105.93
CV5319,CUST2522,C102,2026-01-04,2026-01-09,77.69
CV5320,CUST2524,C103,2026-01-10,2026-01-14,80.3
CV5321,CUST2534,C112,2026-07-08,2026-07-20,112.83
CV5322,CUST2545,C102,2026-01-08,2026-01-11,153.5
CV5323,CUST2559,C109,2026-04-04,2026-04-14,179.97
CV5324,CUST2567,C110,2026-02-17,2026-03-07,112.91
CV5325,CUST2568,C111,2026-05-12,2026-05-22,69.43
CV5326,CUST2570,C119,2026-06-01,2026-06-02,222.83
CV5327,CUST2576,C104,2026-05-23,2026-05-29,504.63
CV5328,CUST2579,C111,2026-05-11,2026-05-22,438.76
CV5329,CUST2587,C101,2026-05-24,2026-05-26,83.58
CV5330,CUST2588,C108,2026-01-23,2026-01-30,585.4
CV5331,CUST2592,C102,2026-01-02,2026-01-20,69.17
CV5332,CUST2596,C100,2026-07-01,2026-07-20,75.95
CV5333,CUST2614,C112,2026-07-06,2026-07-10,378.49
CV5334,CUST2616,C115,2026-02-28,2026-03-13,372.48
CV5335,CUST2619,C107,2026-05-24,2026-06-11,85.99
CV5336,CUST2625,C114,2026-04-17,2026-04-30,119.31
CV5337,CUST2626,C114,2026-04-09,2026-04-28,112.88
CV5338,CUST2636,C107,2026-05-19,2026-06-05,76.99
CV5339,CUST2645,C115,2026-03-06,2026-03-07,155.74
CV5340,CUST2659,C112,2026-07-11,2026-07-17,185.34
CV5341,CUST2661,C110,2026-02-15,2026-03-06,57.1
CV5342,CUST2665,C113,2026-03-09,2026-03-10,203.42
CV5343,CUST2667,C105,2026-04-22,2026-04-30,561.54
CV5344,CUST2675,C112,2026-07-09,2026-07-26,110.86
CV5345,CUST2679,C114,2026-04-12,2026-04-27,400.02
CV5346,CUST2684,C118,2026-06-10,2026-06-28,427.84
CV5347,CUST2688,C102,2026-01-02,2026-01-09,56.79
CV5348,CUST2691,C110,2026-02-17,2026-03-05,152.93
CV5349,CUST2694,C113,2026-03-10,2026-03-17,160.25
CV5350,CUST2695,C113,2026-03-06,2026-03-23,114.05
CV5351,CUST2696,C109,2026-04-08,2026-04-12,566.08
CV5352,CUST2699,C108,2026-01-23,2026-02-04,220.93
CV5353,CUST2702,C115,2026-03-03,2026-03-16,211.21
CV5354,CUST2704,C105,2026-04-25,2026-04-29,56.52
CV5355,CUST2705,C111,2026-05-06,2026-05-07,181.98
CV5356,CUST2713,C114,2026-04-10,2026-04-11,60.37
CV5357,CUST2717,C113,2026-03-07,2026-03-14,73.45
CV5358,CUST2720,C110,2026-02-14,2026-02-23,174.4
CV5359,CUST2722,C110,2026-02-16,2026-02-17,100.84
CV5360,CUST2723,C115,2026-03-02,2026-03-18,97.9
CV5361,CUST2724,C114,2026-04-17,2026-05-05,59.14
CV5362,CUST2727,C110,2026-02-14,2026-03-01,62.63
CV5363,CUST2748,C112,2026-07-09,2026-07-15,120.43
CV5364,CUST2750,C110,2026-02-17,2026-02-19,61.85
CV5365,CUST2759,C109,2026-04-11,2026-04-20,67.41
CV5366,CUST2761,C119,2026-06-05,2026-06-09,100.06
CV5367,CUST2769,C112,2026-07-09,2026-07-22,109.17
CV5368,CUST2771,C108,2026-01-25,2026-02-05,82.16
CV5369,CUST2772,C114,2026-04-16,2026-04-29,100.34
CV5370,CUST2773,C109,2026-04-02,2026-04-13,129.0
CV5371,CUST2784,C109,2026-04-08,2026-04-27,591.45
CV5372,CUST2788,C109,2026-04-05,2026-04-13,78.4
CV5373,CUST2799,C115,2026-03-01,2026-03-08,110.14
CV5374,CUST2805,C109,2026-04-04,2026-04-20,582.52
CV5375,CUST2809,C101,2026-05-14,2026-05-17,111.34
CV5376,CUST2810,C102,2026-01-10,2026-01-27,301.46
CV5377,CUST2814,C109,2026-04-12,2026-04-30,97.62
CV5378,CUST2815,C106,2026-02-06,2026-02-21,63.69
CV5379,CUST2818,C110,2026-02-21,2026-03-10,105.68
CV5380,CUST2820,C113,2026-03-13,2026-03-24,111.21
CV5381,CUST2825,C106,2026-02-05,2026-02-10,114.63
CV5382,CUST2833,C102,2026-01-03,2026-01-19,114.14
CV5383,CUST2846,C107,2026-05-20,2026-06-04,132.1
CV5384,CUST2861,C119,2026-05-25,2026-06-04,170.65
CV5385,CUST2862,C107,2026-05-22,2026-06-05,219.6
CV5386,CUST2866,C112,2026-07-04,2026-07-06,87.79
CV5387,CUST2867,C114,2026-04-14,2026-04-30,152.23
CV5388,CUST2880,C118,2026-06-05,2026-06-24,434.64
CV5389,CUST2889,C117,2026-05-14,2026-05-22,106.57
CV5390,CUST2890,C107,2026-05-20,2026-06-04,162.27
CV5391,CUST2891,C106,2026-01-29,2026-02-08,106.13
CV5392,CUST2899,C103,2026-01-07,2026-01-12,83.63
CV5393,CUST2902,C112,2026-07-10,2026-07-26,135.24
CV5394,CUST2905,C101,2026-05-13,2026-05-25,144.18
CV5395,CUST2908,C110,2026-02-20,2026-03-05,60.98
CV5396,CUST2909,C102,2026-01-12,2026-01-21,164.69
CV5397,CUST2916,C114,2026-04-10,2026-04-27,122.77
CV5398,CUST2919,C109,2026-04-04,2026-04-16,107.94
CV5399,CUST2920,C111,2026-05-13,2026-05-18,155.47
CV5400,CUST2921,C114,2026-04-09,2026-04-21,196.8
CV5401,CUST2929,C113,2026-03-06,2026-03-07,117.09
CV5402,CUST2946,C109,2026-04-04,2026-04-20,206.94
CV5403,CUST2948,C100,2026-07-02,2026-07-14,219.18
CV5404,CUST2957,C102,2026-01-14,2026-01-23,173.15
CV5405,CUST2960,C112,2026-07-05,2026-07-18,66.58
CV5406,CUST2961,C101,2026-05-23,2026-06-09,579.33
CV5407,CUST2964,C103,2026-01-16,2026-02-02,111.58
CV5408,CUST2969,C112,2026-07-03,2026-07-07,111.32
CV5409,CUST2971,C119,2026-05-30,2026-06-13,100.37
CV5410,CUST2972,C117,2026-05-18,2026-06-06,95.99
CV5411,CUST2982,C101,2026-05-16,2026-05-23,106.77
CV5412,CUST2984,C117,2026-05-23,2026-05-26,103.88
CV5413,CUST2994,C115,2026-03-01,2026-03-02,115.98
CV5414,CUST2997,C103,2026-01-12,2026-01-24,136.17
CV5415,CUST2998,C103,2026-01-12,2026-01-27,171.18
CV5416,CUST2999,C106,2026-02-08,2026-02-19,159.21
CV5417,CUST3008,C106,2026-02-04,2026-02-14,57.01
CV5418,CUST3013,C106,2026-02-04,2026-02-06,543.68
CV5419,CUST3016,C104,2026-05-23,2026-05-27,210.46
CV5420,CUST3019,C105,2026-04-16,2026-05-03,186.82
CV5421,CUST3025,C112,2026-07-02,2026-07-19,90.63
CV5422,CUST3027,C112,2026-07-03,2026-07-11,117.49
CV5423,CUST3028,C117,2026-05-18,2026-06-01,63.68
CV5424,CUST3038,C101,2026-05-18,2026-05-22,103.23
CV5425,CUST3040,C115,2026-03-04,2026-03-10,64.22
CV5426,CUST3049,C112,2026-07-03,2026-07-22,80.44
CV5427,CUST3057,C115,2026-02-24,2026-02-28,467.36
CV5428,CUST3059,C109,2026-04-12,2026-04-15,193.45
CV5429,CUST3060,C117,2026-05-22,2026-05-28,105.45
CV5430,CUST3068,C116,2026-04-12,2026-04-19,363.39
CV5431,CUST3069,C112,2026-07-02,2026-07-16,90.44
CV5432,CUST3070,C118,2026-06-06,2026-06-18,168.94
CV5433,CUST3072,C111,2026-05-10,2026-05-26,181.52
CV5434,CUST3075,C107,2026-05-21,2026-05-29,377.23
CV5435,CUST3076,C112,2026-06-30,2026-07-02,452.97
CV5436,CUST3084,C104,2026-05-31,2026-06-13,127.77
CV5437,CUST3087,C113,2026-03-13,2026-03-21,67.96
CV5438,CUST3097,C104,2026-05-26,2026-06-11,92.9
CV5439,CUST3099,C107,2026-05-26,2026-05-30,187.26
CV5440,CUST3100,C109,2026-04-08,2026-04-24,318.53
CV5441,CUST3103,C115,2026-03-02,2026-03-08,119.73
CV5442,CUST3106,C107,2026-05-27,2026-05-31,92.18
CV5443,CUST3115,C113,2026-03-16,2026-04-01,73.29
CV5444,CUST3116,C108,2026-01-18,2026-01-31,152.09
CV5445,CUST3123,C101,2026-05-20,2026-05-25,81.65
CV5446,CUST3124,C112,2026-07-06,2026-07-21,67.43
CV5447,CUST3126,C101,2026-05-19,2026-05-27,280.42
CV5448,CUST3132,C117,2026-05-22,2026-05-29,110.6
CV5449,CUST3134,C107,2026-05-22,2026-06-05,101.76
CV5450,CUST3135,C113,2026-03-12,2026-03-19,500.97
CV5451,CUST3136,C117,2026-05-18,2026-05-25,90.98
CV5452,CUST3145,C116,2026-04-07,2026-04-25,100.86
CV5453,CUST3159,C112,2026-07-06,2026-07-16,579.42
CV5454,CUST3160,C117,2026-05-19,2026-06-06,184.88
CV5455,CUST3183,C100,2026-07-02,2026-07-16,136.81
CV5456,CUST3184,C111,2026-05-15,2026-05-25,92.52
CV5457,CUST3186,C102,2026-01-12,2026-01-19,158.08
CV5458,CUST3190,C102,2026-01-07,2026-01-14,91.61
CV5459,CUST3192,C101,2026-05-16,2026-05-23,89.13
CV5460,CUST3207,C113,2026-03-08,2026-03-13,208.05
CV5461,CUST3208,C113,2026-03-04,2026-03-05,183.22
CV5462,CUST3211,C110,2026-02-13,2026-02-27,127.65
CV5463,CUST3212,C115,2026-02-27,2026-03-17,112.56
CV5464,CUST3214,C105,2026-04-18,2026-05-01,155.92
CV5465,CUST3226,C106,2026-01-28,2026-02-05,285.0
CV5466,CUST3227,C109,2026-03-31,2026-04-08,76.37
CV5467,CUST3231,C112,2026-07-04,2026-07-14,397.77
CV5468,CUST3234,C106,2026-01-30,2026-02-16,400.19
CV5469,CUST3249,C112,2026-07-03,2026-07-09,222.52
CV5470,CUST3262,C114,2026-04-10,2026-04-25,75.45
CV5471,CUST3268,C103,2026-01-09,2026-01-24,72.97
CV5472,CUST3270,C115,2026-02-21,2026-03-09,64.28
CV5473,CUST3276,C110,2026-02-13,2026-02-21,166.32
CV5474,CUST3278,C108,2026-01-19,2026-02-07,329.18
CV5475,CUST3279,C115,2026-02-26,2026-03-13,477.21
CV5476,CUST3280,C104,2026-05-25,2026-05-28,123.62
CV5477,CUST3288,C112,2026-07-11,2026-07-17,92.91
CV5478,CUST3289,C105,2026-04-21,2026-04-29,204.15
CV5479,CUST3300,C119,2026-05-30,2026-06-15,110.1
CV5480,CUST3314,C108,2026-01-23,2026-02-07,155.37
CV5481,CUST3315,C113,2026-03-05,2026-03-18,160.33
CV5482,CUST3317,C119,2026-05-25,2026-06-09,199.93
CV5483,CUST3318,C103,2026-01-06,2026-01-24,429.73
CV5484,CUST3319,C111,2026-05-12,2026-05-25,173.1
CV5485,CUST3322,C102,2026-01-06,2026-01-14,533.19
CV5486,CUST3329,C105,2026-04-23,2026-05-07,459.12
CV5487,CUST3331,C108,2026-01-23,2026-02-03,148.0
CV5488,CUST3332,C112,2026-07-08,2026-07-14,307.47
CV5489,CUST3346,C119,2026-05-28,2026-05-29,192.59
CV5490,CUST3350,C109,2026-04-06,2026-04-08,111.75
CV5491,CUST3353,C104,2026-05-28,2026-06-10,118.08
CV5492,CUST3357,C104,2026-06-02,2026-06-03,115.3
CV5493,CUST3366,C109,2026-04-05,2026-04-09,107.03
CV5494,CUST3377,C105,2026-04-16,2026-04-18,182.22
CV5495,CUST3380,C101,2026-05-13,2026-05-29,106.01
CV5496,CUST3384,C101,2026-05-19,2026-05-22,418.27
CV5497,CUST3389,C115,2026-03-04,2026-03-21,176.37
CV5498,CUST3390,C115,2026-03-04,2026-03-09,146.84
CV5499,CUST3392,C106,2026-01-29,2026-02-06,384.55
CV5500,CUST3401,C106,2026-02-02,2026-02-14,195.8
CV5501,CUST3402,C119,2026-05-27,2026-06-08,159.47
CV5502,CUST3407,C107,2026-05-26,2026-05-27,69.58
CV5503,CUST3410,C113,2026-03-06,2026-03-07,68.92
CV5504,CUST3411,C108,2026-01-21,2026-02-05,208.1
CV5505,CUST3423,C106,2026-02-04,2026-02-21,186.33
CV5506,CUST3428,C104,2026-05-25,2026-05-27,454.73
CV5507,CUST3436,C104,2026-05-31,2026-06-17,81.66
CV5508,CUST3446,C119,2026-05-25,2026-06-03,417.86
CV5509,CUST3451,C115,2026-02-27,2026-03-11,59.68
CV5510,CUST3459,C100,2026-07-06,2026-07-10,159.59
CV5511,CUST3466,C103,2026-01-07,2026-01-20,200.45
CV5512,CUST3477,C112,2026-07-08,2026-07-12,151.56
CV5513,CUST3488,C102,2026-01-03,2026-01-10,80.55
CV5514,CUST3493,C105,2026-04-21,2026-05-05,285.03
CV5515,CUST3496,C110,2026-02-20,2026-03-01,85.3
CV5516,CUST3497,C101,2026-05-17,2026-05-18,108.04
CV5517,CUST3499,C111,2026-05-14,2026-05-15,92.5
CV5518,CUST3505,C115,2026-03-02,2026-03-06,88.43
CV5519,CUST3506,C100,2026-07-03,2026-07-04,205.8
CV5520,CUST3513,C117,2026-05-14,2026-05-24,174.81
CV5521,CUST3518,C111,2026-05-13,2026-05-15,76.7
CV5522,CUST3531,C105,2026-04-20,2026-05-05,89.04
CV5523,CUST3537,C103,2026-01-11,2026-01-14,188.96
CV5524,CUST3541,C102,2026-01-06,2026-01-15,62.01
CV5525,CUST3544,C113,2026-03-11,2026-03-28,478.74
CV5526,CUST3552,C114,2026-04-10,2026-04-23,573.32
CV5527,CUST3557,C101,2026-05-18,2026-05-21,375.72
CV5528,CUST3562,C107,2026-05-23,2026-05-27,480.52
CV5529,CUST3565,C113,2026-03-15,2026-03-19,542.83
CV5530,CUST3570,C105,2026-04-16,2026-04-27,166.42
CV5531,CUST3572,C118,2026-06-08,2026-06-15,191.16
CV5532,CUST3576,C109,2026-04-01,2026-04-12,75.9
CV5533,CUST3583,C108,2026-01-19,2026-01-30,75.59
CV5534,CUST3585,C114,2026-04-18,2026-04-28,98.73
CV5535,CUST3587,C113,2026-03-11,2026-03-16,101.15
CV5536,CUST3590,C107,2026-05-22,2026-06-04,217.44
CV5537,CUST3597,C102,2026-01-08,2026-01-20,70.39
CV5538,CUST3603,C107,2026-05-25,2026-06-04,85.97
CV5539,CUST3606,C113,2026-03-05,2026-03-12,72.03
CV5540,CUST3628,C101,2026-05-13,2026-06-01,114.61
CV5541,CUST3630,C107,2026-05-23,2026-06-11,81.81
CV5542,CUST3647,C103,2026-01-08,2026-01-27,79.94
CV5543,CUST3654,C101,2026-05-16,2026-05-28,73.31
CV5544,CUST3667,C109,2026-04-01,2026-04-16,140.64
CV5545,CUST3670,C116,2026-04-16,2026-04-21,148.25
CV5546,CUST3672,C107,2026-05-22,2026-06-05,119.29
CV5547,CUST3676,C112,2026-07-09,2026-07-21,106.11
CV5548,CUST3678,C116,2026-04-13,2026-04-24,60.57
CV5549,CUST3683,C116,2026-04-14,2026-04-19,209.69
CV5550,CUST3684,C107,2026-05-20,2026-06-05,181.0
CV5551,CUST3700,C108,2026-01-24,2026-02-11,113.0
CV5552,CUST3702,C112,2026-07-03,2026-07-15,146.01
CV5553,CUST3714,C111,2026-05-09,2026-05-14,85.73
CV5554,CUST3718,C111,2026-05-12,2026-05-28,113.36
CV5555,CUST3725,C113,2026-03-12,2026-03-24,137.71
CV5556,CUST3726,C112,2026-07-07,2026-07-09,214.86
CV5557,CUST3744,C100,2026-06-25,2026-07-01,204.42
CV5558,CUST3749,C106,2026-02-03,2026-02-07,118.76
CV5559,CUST3753,C101,2026-05-16,2026-05-29,76.75
CV5560,CUST3755,C110,2026-02-18,2026-02-28,71.09
CV5561,CUST3759,C117,2026-05-20,2026-06-06,144.7
CV5562,CUST3760,C118,2026-06-09,2026-06-23,219.56
CV5563,CUST3763,C102,2026-01-13,2026-01-28,77.32
CV5564,CUST3771,C101,2026-05-16,2026-05-24,92.17
CV5565,CUST3779,C114,2026-04-15,2026-05-03,153.44
CV5566,CUST3782,C105,2026-04-18,2026-04-21,81.36
CV5567,CUST3785,C103,2026-01-11,2026-01-28,68.38
CV5568,CUST3788,C108,2026-01-22,2026-01-29,90.37
CV5569,CUST3790,C111,2026-05-14,2026-05-27,110.36
CV5570,CUST3792,C102,2026-01-04,2026-01-20,59.17
CV5571,CUST3794,C111,2026-05-13,2026-05-18,112.91
CV5572,CUST3799,C115,2026-02-27,2026-03-03,184.86
CV5573,CUST3800,C103,2026-01-14,2026-01-24,179.01
CV5574,CUST3802,C106,2026-01-31,2026-02-13,180.11
CV5575,CUST3826,C119,2026-05-26,2026-06-05,74.96
CV5576,CUST3827,C111,2026-05-16,2026-05-30,412.85
CV5577,CUST3833,C117,2026-05-18,2026-05-30,200.91
CV5578,CUST3835,C102,2026-01-10,2026-01-11,141.77
CV5579,CUST3837,C112,2026-07-01,2026-07-08,161.4
CV5580,CUST3839,C113,2026-03-08,2026-03-17,57.26
CV5581,CUST3853,C103,2026-01-13,2026-01-21,102.95
CV5582,CUST3854,C117,2026-05-19,2026-06-01,82.73
CV5583,CUST3861,C112,2026-07-03,2026-07-17,168.04
CV5584,CUST3864,C104,2026-06-02,2026-06-14,316.7
CV5585,CUST3868,C112,2026-06-30,2026-07-08,119.47
CV5586,CUST3875,C112,2026-07-05,2026-07-23,376.79
CV5587,CUST3880,C111,2026-05-10,2026-05-26,181.2
CV5588,CUST3895,C117,2026-05-22,2026-06-02,174.75
CV5589,CUST3898,C104,2026-06-01,2026-06-17,531.23
CV5590,CUST3907,C110,2026-02-24,2026-03-10,140.26
CV5591,CUST3914,C116,2026-04-09,2026-04-12,521.9
CV5592,CUST3917,C113,2026-03-14,2026-03-16,80.48
CV5593,CUST3930,C110,2026-02-20,2026-02-23,411.57
CV5594,CUST3934,C118,2026-06-09,2026-06-13,495.27
CV5595,CUST3937,C118,2026-06-09,2026-06-14,530.97
CV5596,CUST3938,C113,2026-03-09,2026-03-19,185.02
CV5597,CUST3942,C114,2026-04-11,2026-04-13,113.59
CV5598,CUST3944,C106,2026-02-08,2026-02-20,139.22
CV5599,CUST3951,C112,2026-07-03,2026-07-08,113.64
CV5600,CUST3958,C105,2026-04-19,2026-04-24,64.38
CV5601,CUST3964,C115,2026-03-03,2026-03-04,98.21
CV5602,CUST3968,C109,2026-04-09,2026-04-13,91.05
CV5603,CUST3973,C108,2026-01-18,2026-01-30,438.28
CV5604,CUST3984,C102,2026-01-11,2026-01-23,379.49
CV5605,CUST3986,C103,2026-01-09,2026-01-25,88.24
CV5606,CUST3992,C107,2026-05-27,2026-06-13,124.41
