customer_id,campaign_id,segment,signup_date
CUST1000,C119,New,2026-05-26
CUST1001,C110,New,2026-02-18
CUST1002,C106,Returning,2026-02-05
CUST1003,C100,New,2026-07-03
CUST1004,C100,Returning,2026-06-30
CUST1005,C119,New,2026-06-01
CUST1006,C112,New,2026-07-02
CUST1007,C108,Returning,2026-01-20
CUST1008,C102,Returning,2026-01-05
CUST1009,C106,Returning,2026-02-02
CUST1010,C105,Returning,2026-04-14
CUST1011,C107,New,2026-05-21
CUST1012,C108,New,2026-01-24
CUST1013,C104,High-value,2026-05-24
CUST1014,C100,Returning,2026-07-02
CUST1015,C118,New,2026-06-05
CUST1016,C109,Returning,2026-04-09
CUST1017,C111,New,2026-05-06
CUST1018,C114,New,2026-04-12
CUST1019,C108,New,2026-01-18
CUST1020,C119,Returning,2026-05-25
CUST1021,C116,Returning,2026-04-13
CUST1022,C116,New,2026-04-09
CUST1023,C119,High-value,2026-05-23
CUST1024,C111,New,2026-05-09
CUST1025,C106,New,2026-02-05
CUST1026,C101,New,2026-05-11
CUST1027,C102,New,2026-01-05
CUST1028,C116,New,2026-04-12
CUST1029,C104,Returning,2026-05-27
CUST1030,C116,Returning,2026-04-07
CUST1031,C116,Returning,2026-04-09
CUST1032,C116,New,2026-04-07
CUST1033,C101,New,2026-05-11
CUST1034,C101,New,2026-05-13
CUST1035,C104,New,2026-05-24
CUST1036,C100,Returning,2026-06-30
CUST1037,C100,New,2026-06-24
CUST1038,C118,Returning,2026-06-08
CUST1039,C101,High-value,2026-05-16
CUST1040,C111,New,2026-05-07
CUST1041,C105,Returning,2026-04-15
CUST1042,C103,Returning,2026-01-07
CUST1043,C110,Returning,2026-02-12
CUST1044,C116,Returning,2026-04-07
CUST1045,C105,New,2026-04-22
CUST1046,C104,New,2026-05-26
CUST1047,C119,New,2026-05-31
CUST1048,C101,New,2026-05-12
CUST1049,C105,Returning,2026-04-14
CUST1050,C110,New,2026-02-16
CUST1051,C115,High-value,2026-03-02
CUST1052,C115,Returning,2026-02-22
CUST1053,C100,New,2026-06-27
CUST1054,C108,New,2026-01-20
CUST1055,C105,High-value,2026-04-17
CUST1056,C115,Returning,2026-02-21
CUST1057,C102,Returning,2026-01-06
CUST1058,C119,New,2026-05-23
CUST1059,C103,New,2026-01-07
CUST1060,C118,New,2026-06-09
CUST1061,C102,New,2026-01-05
CUST1062,C118,Returning,2026-06-09
CUST1063,C119,Returning,2026-05-27
CUST1064,C106,Returning,2026-02-05
CUST1065,C119,High-value,2026-05-28
CUST1066,C108,Returning,2026-01-24
CUST1067,C100,New,2026-07-01
CUST1068,C107,New,2026-05-21
CUST1069,C106,High-value,2026-01-27
CUST1070,C117,New,2026-05-16
CUST1071,C107,High-value,2026-05-19
CUST1072,C100,Returning,2026-06-27
CUST1073,C110,New,2026-02-18
CUST1074,C117,Returning,2026-05-18
CUST1075,C109,High-value,2026-04-04
CUST1076,C102,Returning,2026-01-02
CUST1077,C106,High-value,2026-02-01
CUST1078,C115,High-value,2026-02-26
CUST1079,C115,New,2026-03-02
CUST1080,C119,New,2026-06-01
CUST1081,C116,High-value,2026-04-11
CUST1082,C101,Returning,2026-05-19
CUST1083,C100,New,2026-07-01
CUST1084,C115,New,2026-02-28
CUST1085,C111,Returning,2026-05-04
CUST1086,C104,High-value,2026-05-26
CUST1087,C104,Returning,2026-05-28
CUST1088,C108,Returning,2026-01-20
CUST1089,C108,New,2026-01-19
CUST1090,C102,New,2026-01-08
CUST1091,C118,High-value,2026-06-02
CUST1092,C115,New,2026-02-26
CUST1093,C115,New,2026-02-25
CUST1094,C102,New,2026-01-08
CUST1095,C119,Returning,2026-05-26
CUST1096,C100,High-value,2026-07-01
CUST1097,C119,New,2026-06-01
CUST1098,C110,New,2026-02-12
CUST1099,C116,Returning,2026-04-14
CUST1100,C107,High-value,2026-05-25
CUST1101,C103,New,2026-01-14
CUST1102,C105,New,2026-04-22
CUST1103,C107,New,2026-05-22
CUST1104,C119,High-value,2026-05-26
CUST1105,C102,New,2026-01-04
CUST1106,C115,New,2026-02-26
CUST1107,C102,Returning,2026-01-05
CUST1108,C117,Returning,2026-05-17
CUST1109,C113,New,2026-03-10
CUST1110,C117,High-value,2026-05-18
CUST1111,C101,New,2026-05-19
CUST1112,C102,Returning,2026-01-08
CUST1113,C115,New,2026-02-26
CUST1114,C108,Returning,2026-01-20
CUST1115,C103,New,2026-01-09
CUST1116,C100,High-value,2026-06-24
CUST1117,C103,Returning,2026-01-13
CUST1118,C100,Returning,2026-07-02
CUST1119,C113,Returning,2026-03-12
CUST1120,C115,Returning,2026-02-28
CUST1121,C119,New,2026-06-01
CUST1122,C107,New,2026-05-19
CUST1123,C106,High-value,2026-01-27
CUST1124,C102,New,2026-01-08
CUST1125,C116,Returning,2026-04-12
CUST1126,C100,High-value,2026-06-28
CUST1127,C115,New,2026-03-02
CUST1128,C111,Returning,2026-05-10
CUST1129,C118,New,2026-06-09
CUST1130,C113,Returning,2026-03-07
CUST1131,C105,New,2026-04-21
CUST1132,C105,New,2026-04-22
CUST1133,C112,Returning,2026-06-29
CUST1134,C118,Returning,2026-06-08
CUST1135,C107,Returning,2026-05-25
CUST1136,C101,Returning,2026-05-15
CUST1137,C100,New,2026-06-24
CUST1138,C114,Returning,2026-04-12
CUST1139,C100,New,2026-07-03
CUST1140,C104,High-value,2026-05-31
CUST1141,C115,Returning,2026-02-24
CUST1142,C118,Returning,2026-06-08
CUST1143,C103,High-value,2026-01-10
CUST1144,C102,New,2026-01-03
CUST1145,C116,Returning,2026-04-11
CUST1146,C116,New,2026-04-15
CUST1147,C111,High-value,2026-05-09
CUST1148,C113,New,2026-03-08
CUST1149,C105,Returning,2026-04-14
CUST1150,C102,High-value,2026-01-10
CUST1151,C108,New,2026-01-24
CUST1152,C104,New,2026-05-23
CUST1153,C116,Returning,2026-04-12
CUST1154,C113,New,2026-03-05
CUST1155,C102,New,2026-01-06
CUST1156,C100,New,2026-06-28
CUST1157,C119,New,2026-05-26
CUST1158,C100,High-value,2026-06-30
CUST1159,C102,Returning,2026-01-08
CUST1160,C117,New,2026-05-15
CUST1161,C109,New,2026-03-31
CUST1162,C102,New,2026-01-01
CUST1163,C107,New,2026-05-17
CUST1164,C113,New,2026-03-04
CUST1165,C117,New,2026-05-16
CUST1166,C114,New,2026-04-09
CUST1167,C101,Returning,2026-05-19
CUST1168,C109,New,2026-04-02
CUST1169,C101,Returning,2026-05-17
CUST1170,C116,Returning,2026-04-13
CUST1171,C107,Returning,2026-05-22
CUST1172,C100,Returning,2026-07-03
CUST1173,C108,Returning,2026-01-15
CUST1174,C110,High-value,2026-02-18
CUST1175,C115,Returning,2026-03-02
CUST1176,C106,Returning,2026-01-29
CUST1177,C109,Returning,2026-04-07
CUST1178,C102,Returning,2026-01-04
CUST1179,C117,New,2026-05-19
CUST1180,C112,New,2026-06-28
CUST1181,C106,New,2026-01-29
CUST1182,C103,High-value,2026-01-10
CUST1183,C112,Returning,2026-07-06
CUST1184,C119,High-value,2026-05-24
CUST1185,C100,Returning,2026-06-24
CUST1186,C107,New,2026-05-26
CUST1187,C113,New,2026-03-06
CUST1188,C115,Returning,2026-02-24
CUST1189,C113,Returning,2026-03-08
CUST1190,C111,High-value,2026-05-06
CUST1191,C118,New,2026-06-09
CUST1192,C114,Returning,2026-04-07
CUST1193,C101,Returning,2026-05-12
CUST1194,C101,Returning,2026-05-17
CUST1195,C118,Returning,2026-06-08
CUST1196,C116,Returning,2026-04-15
CUST1197,C119,New,2026-05-24
CUST1198,C109,Returning,2026-04-06
CUST1199,C105,Returning,2026-04-19
CUST1200,C114,High-value,2026-04-12
CUST1201,C110,Returning,2026-02-13
CUST1202,C104,New,2026-05-28
CUST1203,C100,New,2026-06-24
CUST1204,C107,High-value,2026-05-26
CUST1205,C111,Returning,2026-05-04
CUST1206,C111,High-value,2026-05-08
CUST1207,C104,New,2026-05-23
CUST1208,C106,Returning,2026-02-04
CUST1209,C103,Returning,2026-01-11
CUST1210,C105,High-value,2026-04-16
CUST1211,C112,New,2026-07-01
CUST1212,C119,Returning,2026-05-24
CUST1213,C114,Returning,2026-04-10
CUST1214,C102,New,2026-01-04
CUST1215,C107,Returning,2026-05-17
CUST1216,C119,Returning,2026-05-30
CUST1217,C115,High-value,2026-02-23
CUST1218,C112,New,2026-07-03
CUST1219,C117,New,2026-05-15
CUST1220,C109,New,2026-04-08
CUST1221,C118,New,2026-06-06
CUST1222,C116,New,2026-04-14
CUST1223,C118,Returning,2026-06-09
CUST1224,C104,New,2026-05-24
CUST1225,C108,High-value,2026-01-15
CUST1226,C111,High-value,2026-05-08
CUST1227,C100,Returning,2026-06-26
CUST1228,C100,High-value,2026-06-29
CUST1229,C114,Returning,2026-04-13
CUST1230,C101,Returning,2026-05-14
CUST1231,C115,New,2026-02-25
CUST1232,C107,New,2026-05-21
CUST1233,C112,Returning,2026-07-01
CUST1234,C100,High-value,2026-06-27
CUST1235,C115,New,2026-02-24
CUST1236,C106,High-value,2026-01-30
CUST1237,C104,Returning,2026-05-25
CUST1238,C102,New,2026-01-05
CUST1239,C111,High-value,2026-05-05
CUST1240,C115,Returning,2026-02-22
CUST1241,C118,New,2026-06-08
CUST1242,C104,Returning,2026-05-23
CUST1243,C113,New,2026-03-09
CUST1244,C104,Returning,2026-05-23
CUST1245,C114,New,2026-04-10
CUST1246,C116,New,2026-04-09
CUST1247,C113,High-value,2026-03-10
CUST1248,C119,Returning,2026-05-29
CUST1249,C104,New,2026-05-27
CUST1250,C111,New,2026-05-13
CUST1251,C115,High-value,2026-02-25
CUST1252,C115,New,2026-02-21
CUST1253,C106,New,2026-01-29
CUST1254,C103,New,2026-01-13
CUST1255,C100,New,2026-06-24
CUST1256,C104,Returning,2026-05-26
CUST1257,C109,Returning,2026-04-01
CUST1258,C104,New,2026-05-25
CUST1259,C103,Returning,2026-01-05
CUST1260,C101,New,2026-05-13
CUST1261,C119,High-value,2026-06-01
CUST1262,C109,High-value,2026-04-06
CUST1263,C118,New,2026-06-09
CUST1264,C100,High-value,2026-06-26
CUST1265,C104,Returning,2026-05-25
CUST1266,C112,New,2026-06-29
CUST1267,C103,New,2026-01-07
CUST1268,C115,New,2026-03-01
CUST1269,C115,Returning,2026-02-23
CUST1270,C101,High-value,2026-05-15
CUST1271,C116,Returning,2026-04-07
CUST1272,C119,High-value,2026-05-26
CUST1273,C111,Returning,2026-05-10
CUST1274,C117,Returning,2026-05-18
CUST1275,C102,Returning,2026-01-03
CUST1276,C100,New,2026-06-28
CUST1277,C100,Returning,2026-06-24
CUST1278,C118,Returning,2026-06-09
CUST1279,C110,New,2026-02-20
CUST1280,C104,Returning,2026-05-31
CUST1281,C111,New,2026-05-04
CUST1282,C102,Returning,2026-01-05
CUST1283,C100,Returning,2026-07-03
CUST1284,C100,New,2026-07-02
CUST1285,C107,New,2026-05-17
CUST1286,C109,New,2026-03-31
CUST1287,C110,High-value,2026-02-14
CUST1288,C111,New,2026-05-07
CUST1289,C112,High-value,2026-06-29
CUST1290,C111,New,2026-05-12
CUST1291,C113,High-value,2026-03-12
CUST1292,C101,High-value,2026-05-12
CUST1293,C118,New,2026-06-08
CUST1294,C117,Returning,2026-05-17
CUST1295,C102,New,2026-01-08
CUST1296,C116,Returning,2026-04-15
CUST1297,C107,New,2026-05-20
CUST1298,C109,New,2026-04-01
CUST1299,C101,New,2026-05-12
CUST1300,C118,New,2026-06-08
CUST1301,C108,New,2026-01-15
CUST1302,C106,Returning,2026-02-02
CUST1303,C103,High-value,2026-01-07
CUST1304,C117,New,2026-05-14
CUST1305,C112,Returning,2026-06-29
CUST1306,C110,New,2026-02-20
CUST1307,C103,Returning,2026-01-10
CUST1308,C103,High-value,2026-01-14
CUST1309,C109,High-value,2026-04-01
CUST1310,C104,High-value,2026-05-31
CUST1311,C108,New,2026-01-18
CUST1312,C102,Returning,2026-01-10
CUST1313,C116,Returning,2026-04-14
CUST1314,C102,New,2026-01-09
CUST1315,C115,High-value,2026-02-26
CUST1316,C103,New,2026-01-08
CUST1317,C117,Returning,2026-05-18
CUST1318,C116,New,2026-04-06
CUST1319,C106,New,2026-01-30
CUST1320,C104,Returning,2026-05-26
CUST1321,C111,Returning,2026-05-11
CUST1322,C116,New,2026-04-07
CUST1323,C112,New,2026-07-02
CUST1324,C102,Returning,2026-01-06
CUST1325,C108,New,2026-01-19
CUST1326,C116,New,2026-04-14
CUST1327,C116,High-value,2026-04-15
CUST1328,C119,Returning,2026-05-23
CUST1329,C115,New,2026-02-23
CUST1330,C112,Returning,2026-06-29
CUST1331,C118,Returning,2026-06-02
CUST1332,C116,High-value,2026-04-15
CUST1333,C103,Returning,2026-01-13
CUST1334,C111,New,2026-05-12
CUST1335,C108,New,2026-01-24
CUST1336,C118,New,2026-06-01
CUST1337,C111,Returning,2026-05-06
CUST1338,C108,New,2026-01-18
CUST1339,C106,Returning,2026-02-04
CUST1340,C113,New,2026-03-06
CUST1341,C119,New,2026-05-29
CUST1342,C118,High-value,2026-06-02
CUST1343,C114,New,2026-04-12
CUST1344,C115,New,2026-02-27
CUST1345,C104,Returning,2026-05-30
CUST1346,C102,New,2026-01-02
CUST1347,C111,Returning,2026-05-09
CUST1348,C119,Returning,2026-05-31
CUST1349,C103,New,2026-01-06
CUST1350,C115,Returning,2026-02-22
CUST1351,C106,Returning,2026-01-31
CUST1352,C112,New,2026-07-07
CUST1353,C109,New,2026-04-09
CUST1354,C106,New,2026-02-05
CUST1355,C113,High-value,2026-03-11
CUST1356,C104,New,2026-05-30
CUST1357,C102,Returning,2026-01-02
CUST1358,C110,Returning,2026-02-15
CUST1359,C110,Returning,2026-02-17
CUST1360,C117,New,2026-05-17
CUST1361,C114,New,2026-04-11
CUST1362,C111,Returning,2026-05-10
CUST1363,C108,New,2026-01-17
CUST1364,C109,New,2026-04-02
CUST1365,C111,New,2026-05-13
CUST1366,C116,New,2026-04-14
CUST1367,C105,High-value,2026-04-20
CUST1368,C106,New,2026-01-31
CUST1369,C113,New,2026-03-09
CUST1370,C112,New,2026-07-07
CUST1371,C107,Returning,2026-05-17
CUST1372,C109,Returning,2026-04-09
CUST1373,C108,New,2026-01-15
CUST1374,C117,Returning,2026-05-15
CUST1375,C101,Returning,2026-05-12
CUST1376,C104,High-value,2026-05-28
CUST1377,C104,Returning,2026-05-23
CUST1378,C105,New,2026-04-22
CUST1379,C118,New,2026-06-01
CUST1380,C107,New,2026-05-21
CUST1381,C115,New,2026-02-24
CUST1382,C112,High-value,2026-07-05
CUST1383,C100,New,2026-06-27
CUST1384,C119,New,2026-05-28
CUST1385,C116,Returning,2026-04-10
CUST1386,C106,Returning,2026-01-28
CUST1387,C112,New,2026-07-05
CUST1388,C103,New,2026-01-06
CUST1389,C103,New,2026-01-13
CUST1390,C105,Returning,2026-04-21
CUST1391,C118,New,2026-06-02
CUST1392,C111,New,2026-05-07
CUST1393,C106,Returning,2026-02-03
CUST1394,C109,New,2026-04-08
CUST1395,C118,Returning,2026-06-02
CUST1396,C106,New,2026-01-31
CUST1397,C102,New,2026-01-08
CUST1398,C112,High-value,2026-06-30
CUST1399,C112,Returning,2026-07-04
CUST1400,C117,New,2026-05-19
CUST1401,C119,Returning,2026-06-01
CUST1402,C107,Returning,2026-05-19
CUST1403,C108,Returning,2026-01-16
CUST1404,C106,New,2026-02-05
CUST1405,C100,High-value,2026-06-30
CUST1406,C102,New,2026-01-09
CUST1407,C112,New,2026-06-28
CUST1408,C116,New,2026-04-08
CUST1409,C100,New,2026-06-28
CUST1410,C105,Returning,2026-04-15
CUST1411,C105,New,2026-04-13
CUST1412,C111,New,2026-05-10
CUST1413,C112,High-value,2026-07-04
CUST1414,C112,New,2026-07-07
CUST1415,C114,New,2026-04-13
CUST1416,C115,New,2026-02-25
CUST1417,C110,New,2026-02-20
CUST1418,C104,New,2026-05-26
CUST1419,C103,Returning,2026-01-09
CUST1420,C102,New,2026-01-01
CUST1421,C118,New,2026-06-09
CUST1422,C119,Returning,2026-05-27
CUST1423,C117,Returning,2026-05-17
CUST1424,C114,New,2026-04-06
CUST1425,C108,Returning,2026-01-21
CUST1426,C116,New,2026-04-06
CUST1427,C113,New,2026-03-05
CUST1428,C114,Returning,2026-04-07
CUST1429,C100,New,2026-06-28
CUST1430,C102,High-value,2026-01-10
CUST1431,C115,New,2026-02-27
CUST1432,C110,Returning,2026-02-11
CUST1433,C111,New,2026-05-13
CUST1434,C109,Returning,2026-03-31
CUST1435,C115,Returning,2026-02-21
CUST1436,C107,Returning,2026-05-22
CUST1437,C105,New,2026-04-14
CUST1438,C111,Returning,2026-05-04
CUST1439,C107,Returning,2026-05-22
CUST1440,C103,Returning,2026-01-06
CUST1441,C107,Returning,2026-05-22
CUST1442,C117,Returning,2026-05-21
CUST1443,C104,New,2026-05-29
CUST1444,C108,New,2026-01-16
CUST1445,C103,New,2026-01-13
CUST1446,C116,New,2026-04-13
CUST1447,C108,High-value,2026-01-24
CUST1448,C100,Returning,2026-06-24
CUST1449,C119,High-value,2026-05-29
CUST1450,C112,New,2026-07-07
CUST1451,C115,High-value,2026-02-26
CUST1452,C112,Returning,2026-07-03
CUST1453,C113,Returning,2026-03-09
CUST1454,C102,Returning,2026-01-06
CUST1455,C105,New,2026-04-22
CUST1456,C117,Returning,2026-05-18
CUST1457,C118,Returning,2026-06-02
CUST1458,C104,New,2026-05-27
CUST1459,C114,New,2026-04-08
CUST1460,C101,High-value,2026-05-17
CUST1461,C109,High-value,2026-04-06
CUST1462,C117,High-value,2026-05-19
CUST1463,C112,Returning,2026-06-29
CUST1464,C104,New,2026-05-30
CUST1465,C100,New,2026-06-28
CUST1466,C100,New,2026-07-02
CUST1467,C117,New,2026-05-21
CUST1468,C114,New,2026-04-10
CUST1469,C116,New,2026-04-12
CUST1470,C110,New,2026-02-19
CUST1471,C116,High-value,2026-04-09
CUST1472,C112,New,2026-06-29
CUST1473,C100,High-value,2026-07-02
CUST1474,C101,Returning,2026-05-12
CUST1475,C108,New,2026-01-17
CUST1476,C102,New,2026-01-10
CUST1477,C100,New,2026-06-25
CUST1478,C115,New,2026-02-23
CUST1479,C105,Returning,2026-04-18
CUST1480,C116,New,2026-04-08
CUST1481,C104,New,2026-05-31
CUST1482,C104,New,2026-05-29
CUST1483,C105,High-value,2026-04-18
CUST1484,C102,Returning,2026-01-07
CUST1485,C104,Returning,2026-05-22
CUST1486,C104,New,2026-05-24
CUST1487,C109,Returning,2026-04-02
CUST1488,C109,Returning,2026-04-01
CUST1489,C118,Returning,2026-06-06
CUST1490,C116,High-value,2026-04-14
CUST1491,C113,New,2026-03-07
CUST1492,C108,High-value,2026-01-19
CUST1493,C113,High-value,2026-03-06
CUST1494,C100,New,2026-07-02
CUST1495,C118,New,2026-06-03
CUST1496,C112,High-value,2026-07-02
CUST1497,C112,New,2026-06-28
CUST1498,C103,Returning,2026-01-06
CUST1499,C100,High-value,2026-07-02
CUST1500,C116,Returning,2026-04-07
CUST1501,C107,New,2026-05-21
CUST1502,C101,Returning,2026-05-18
CUST1503,C107,New,2026-05-19
CUST1504,C106,Returning,2026-02-01
CUST1505,C101,New,2026-05-14
CUST1506,C102,Returning,2026-01-07
CUST1507,C117,Returning,2026-05-21
CUST1508,C111,Returning,2026-05-06
CUST1509,C100,Returning,2026-06-29
CUST1510,C111,Returning,2026-05-13
CUST1511,C104,Returning,2026-05-30
CUST1512,C116,New,2026-04-15
CUST1513,C115,Returning,2026-02-21
CUST1514,C114,New,2026-04-08
CUST1515,C114,High-value,2026-04-07
CUST1516,C104,New,2026-05-29
CUST1517,C113,New,2026-03-10
CUST1518,C101,Returning,2026-05-12
CUST1519,C110,New,2026-02-16
CUST1520,C118,New,2026-06-02
CUST1521,C106,Returning,2026-02-03
CUST1522,C105,Returning,2026-04-22
CUST1523,C101,Returning,2026-05-13
CUST1524,C105,New,2026-04-22
CUST1525,C117,Returning,2026-05-20
CUST1526,C101,New,2026-05-11
CUST1527,C117,Returning,2026-05-16
CUST1528,C114,Returning,2026-04-08
CUST1529,C118,Returning,2026-06-05
CUST1530,C101,New,2026-05-20
CUST1531,C119,New,2026-05-24
CUST1532,C105,New,2026-04-21
CUST1533,C100,New,2026-06-29
CUST1534,C114,New,2026-04-12
CUST1535,C109,Returning,2026-04-04
CUST1536,C118,New,2026-06-08
CUST1537,C116,High-value,2026-04-06
CUST1538,C104,New,2026-05-26
CUST1539,C103,Returning,2026-01-14
CUST1540,C109,Returning,2026-04-05
CUST1541,C116,New,2026-04-12
CUST1542,C109,New,2026-04-03
CUST1543,C116,Returning,2026-04-06
CUST1544,C119,New,2026-05-30
CUST1545,C104,High-value,2026-05-31
CUST1546,C101,Returning,2026-05-14
CUST1547,C105,High-value,2026-04-15
CUST1548,C101,New,2026-05-17
CUST1549,C112,Returning,2026-06-29
CUST1550,C110,Returning,2026-02-18
CUST1551,C110,Returning,2026-02-16
CUST1552,C115,New,2026-02-27
CUST1553,C110,Returning,2026-02-15
CUST1554,C118,New,2026-06-08
CUST1555,C114,Returning,2026-04-10
CUST1556,C115,New,2026-02-25
CUST1557,C110,High-value,2026-02-13
CUST1558,C115,New,2026-02-21
CUST1559,C107,Returning,2026-05-18
CUST1560,C103,High-value,2026-01-12
CUST1561,C107,Returning,2026-05-17
CUST1562,C103,Returning,2026-01-11
CUST1563,C102,New,2026-01-05
CUST1564,C102,High-value,2026-01-03
CUST1565,C117,New,2026-05-18
CUST1566,C118,Returning,2026-06-08
CUST1567,C118,Returning,2026-06-01
CUST1568,C104,Returning,2026-05-29
CUST1569,C117,New,2026-05-20
CUST1570,C109,Returning,2026-04-02
CUST1571,C105,Returning,2026-04-14
CUST1572,C100,New,2026-06-30
CUST1573,C104,High-value,2026-05-26
CUST1574,C108,New,2026-01-19
CUST1575,C111,New,2026-05-13
CUST1576,C113,New,2026-03-08
CUST1577,C101,New,2026-05-14
CUST1578,C116,High-value,2026-04-10
CUST1579,C113,New,2026-03-07
CUST1580,C112,New,2026-07-03
CUST1581,C108,New,2026-01-18
CUST1582,C114,Returning,2026-04-07
CUST1583,C114,Returning,2026-04-14
CUST1584,C110,New,2026-02-12
CUST1585,C115,New,2026-03-01
CUST1586,C116,High-value,2026-04-15
CUST1587,C103,New,2026-01-10
CUST1588,C100,New,2026-07-02
CUST1589,C107,New,2026-05-25
CUST1590,C116,Returning,2026-04-08
CUST1591,C102,New,2026-01-01
CUST1592,C119,Returning,2026-05-23
CUST1593,C114,New,2026-04-08
CUST1594,C114,High-value,2026-04-10
CUST1595,C113,New,2026-03-06
CUST1596,C113,Returning,2026-03-12
CUST1597,C101,New,2026-05-19
CUST1598,C112,New,2026-06-30
CUST1599,C113,Returning,2026-03-06
CUST1600,C118,New,2026-06-04
CUST1601,C106,High-value,2026-01-28
CUST1602,C102,High-value,2026-01-06
CUST1603,C114,High-value,2026-04-12
CUST1604,C113,New,2026-03-12
CUST1605,C110,Returning,2026-02-16
CUST1606,C114,New,2026-04-08
CUST1607,C112,High-value,2026-07-02
CUST1608,C117,Returning,2026-05-15
CUST1609,C105,Returning,2026-04-17
CUST1610,C102,New,2026-01-08
CUST1611,C118,Returning,2026-06-07
CUST1612,C114,New,2026-04-11
CUST1613,C104,Returning,2026-05-22
CUST1614,C109,New,2026-04-07
CUST1615,C106,Returning,2026-02-03
CUST1616,C116,Returning,2026-04-07
CUST1617,C106,Returning,2026-01-30
CUST1618,C111,New,2026-05-05
CUST1619,C116,Returning,2026-04-09
CUST1620,C112,New,2026-07-07
CUST1621,C119,New,2026-05-29
CUST1622,C103,New,2026-01-13
CUST1623,C109,New,2026-04-07
CUST1624,C102,New,2026-01-09
CUST1625,C108,Returning,2026-01-22
CUST1626,C112,New,2026-06-29
CUST1627,C117,New,2026-05-18
CUST1628,C114,High-value,2026-04-07
CUST1629,C103,New,2026-01-06
CUST1630,C114,Returning,2026-04-09
CUST1631,C101,Returning,2026-05-11
CUST1632,C114,High-value,2026-04-10
CUST1633,C107,Returning,2026-05-22
CUST1634,C107,Returning,2026-05-25
CUST1635,C116,Returning,2026-04-15
CUST1636,C111,New,2026-05-11
CUST1637,C118,Returning,2026-06-01
CUST1638,C109,New,2026-03-31
CUST1639,C108,High-value,2026-01-16
CUST1640,C104,New,2026-05-28
CUST1641,C105,Returning,2026-04-16
CUST1642,C119,New,2026-06-01
CUST1643,C101,Returning,2026-05-15
CUST1644,C112,New,2026-07-04
CUST1645,C105,High-value,2026-04-15
CUST1646,C104,Returning,2026-05-31
CUST1647,C100,New,2026-06-25
CUST1648,C105,Returning,2026-04-19
CUST1649,C105,Returning,2026-04-17
CUST1650,C115,Returning,2026-02-21
CUST1651,C103,New,2026-01-05
CUST1652,C110,New,2026-02-19
CUST1653,C108,New,2026-01-19
CUST1654,C102,New,2026-01-01
CUST1655,C118,High-value,2026-06-06
CUST1656,C107,New,2026-05-25
CUST1657,C104,Returning,2026-05-22
CUST1658,C103,New,2026-01-14
CUST1659,C105,Returning,2026-04-16
CUST1660,C101,Returning,2026-05-13
CUST1661,C119,High-value,2026-05-27
CUST1662,C110,New,2026-02-17
CUST1663,C103,New,2026-01-12
CUST1664,C114,New,2026-04-07
CUST1665,C105,New,2026-04-19
CUST1666,C116,New,2026-04-06
CUST1667,C105,New,2026-04-19
CUST1668,C118,New,2026-06-07
CUST1669,C101,Returning,2026-05-12
CUST1670,C114,New,2026-04-14
CUST1671,C110,New,2026-02-11
CUST1672,C107,New,2026-05-22
CUST1673,C118,Returning,2026-05-31
CUST1674,C112,High-value,2026-06-30
CUST1675,C111,Returning,2026-05-09
CUST1676,C104,Returning,2026-05-24
CUST1677,C105,New,2026-04-20
CUST1678,C103,Returning,2026-01-09
CUST1679,C118,New,2026-06-01
CUST1680,C119,New,2026-05-26
CUST1681,C100,Returning,2026-07-02
CUST1682,C119,High-value,2026-05-26
CUST1683,C116,New,2026-04-15
CUST1684,C111,Returning,2026-05-13
CUST1685,C114,Returning,2026-04-13
CUST1686,C100,New,2026-06-28
CUST1687,C113,New,2026-03-13
CUST1688,C105,New,2026-04-13
CUST1689,C104,New,2026-05-28
CUST1690,C110,New,2026-02-13
CUST1691,C103,New,2026-01-14
CUST1692,C112,New,2026-07-05
CUST1693,C110,Returning,2026-02-13
CUST1694,C102,Returning,2026-01-01
CUST1695,C100,High-value,2026-06-28
CUST1696,C105,New,2026-04-14
CUST1697,C117,Returning,2026-05-15
CUST1698,C109,High-value,2026-03-31
CUST1699,C104,Returning,2026-05-30
CUST1700,C109,New,2026-04-05
CUST1701,C111,Returning,2026-05-11
CUST1702,C101,New,2026-05-14
CUST1703,C112,New,2026-07-06
CUST1704,C107,Returning,2026-05-18
CUST1705,C101,Returning,2026-05-19
CUST1706,C119,New,2026-05-27
CUST1707,C100,High-value,2026-06-29
CUST1708,C104,Returning,2026-05-24
CUST1709,C108,New,2026-01-18
CUST1710,C116,High-value,2026-04-11
CUST1711,C108,New,2026-01-21
CUST1712,C110,High-value,2026-02-11
CUST1713,C114,Returning,2026-04-12
CUST1714,C105,New,2026-04-13
CUST1715,C102,Returning,2026-01-05
CUST1716,C116,Returning,2026-04-11
CUST1717,C104,Returning,2026-05-23
CUST1718,C111,High-value,2026-05-13
CUST1719,C117,Returning,2026-05-20
CUST1720,C113,Returning,2026-03-13
CUST1721,C110,High-value,2026-02-16
CUST1722,C108,Returning,2026-01-21
CUST1723,C101,New,2026-05-20
CUST1724,C111,High-value,2026-05-11
CUST1725,C102,New,2026-01-10
CUST1726,C102,Returning,2026-01-01
CUST1727,C100,High-value,2026-07-01
CUST1728,C107,Returning,2026-05-20
CUST1729,C107,Returning,2026-05-26
CUST1730,C110,Returning,2026-02-18
CUST1731,C108,New,2026-01-20
CUST1732,C104,High-value,2026-05-30
CUST1733,C113,New,2026-03-07
CUST1734,C102,New,2026-01-02
CUST1735,C104,New,2026-05-23
CUST1736,C104,Returning,2026-05-26
CUST1737,C118,Returning,2026-06-09
CUST1738,C113,Returning,2026-03-12
CUST1739,C103,New,2026-01-07
CUST1740,C112,New,2026-07-05
CUST1741,C109,New,2026-04-03
CUST1742,C117,New,2026-05-17
CUST1743,C107,Returning,2026-05-26
CUST1744,C107,New,2026-05-22
CUST1745,C106,New,2026-01-29
CUST1746,C107,New,2026-05-21
CUST1747,C113,New,2026-03-06
CUST1748,C118,New,2026-05-31
CUST1749,C105,New,2026-04-19
CUST1750,C100,Returning,2026-06-27
CUST1751,C114,Returning,2026-04-12
CUST1752,C100,Returning,2026-06-26
CUST1753,C116,High-value,2026-04-10
CUST1754,C100,New,2026-06-28
CUST1755,C114,Returning,2026-04-07
CUST1756,C101,High-value,2026-05-20
CUST1757,C113,New,2026-03-05
CUST1758,C107,High-value,2026-05-20
CUST1759,C107,New,2026-05-20
CUST1760,C118,New,2026-06-03
CUST1761,C106,New,2026-02-01
CUST1762,C118,Returning,2026-06-01
CUST1763,C105,Returning,2026-04-18
CUST1764,C105,Returning,2026-04-19
CUST1765,C102,New,2026-01-10
CUST1766,C106,New,2026-01-29
CUST1767,C118,New,2026-06-07
CUST1768,C107,New,2026-05-18
CUST1769,C109,High-value,2026-04-07
CUST1770,C119,New,2026-05-27
CUST1771,C114,Returning,2026-04-07
CUST1772,C114,Returning,2026-04-12
CUST1773,C100,New,2026-06-25
CUST1774,C119,Returning,2026-05-28
CUST1775,C106,New,2026-02-05
CUST1776,C103,New,2026-01-07
CUST1777,C105,New,2026-04-21
CUST1778,C100,Returning,2026-06-26
CUST1779,C104,New,2026-05-24
CUST1780,C100,Returning,2026-06-28
CUST1781,C103,Returning,2026-01-11
CUST1782,C101,New,2026-05-18
CUST1783,C109,Returning,2026-04-06
CUST1784,C104,Returning,2026-05-30
CUST1785,C109,New,2026-04-04
CUST1786,C100,New,2026-07-03
CUST1787,C105,Returning,2026-04-15
CUST1788,C112,New,2026-07-03
CUST1789,C114,Returning,2026-04-10
CUST1790,C103,New,2026-01-08
CUST1791,C112,New,2026-06-29
CUST1792,C119,New,2026-05-29
CUST1793,C114,New,2026-04-10
CUST1794,C107,Returning,2026-05-20
CUST1795,C104,New,2026-05-29
CUST1796,C114,Returning,2026-04-14
CUST1797,C103,High-value,2026-01-13
CUST1798,C111,Returning,2026-05-06
CUST1799,C112,Returning,2026-06-30
CUST1800,C101,New,2026-05-15
CUST1801,C118,New,2026-06-04
CUST1802,C118,Returning,2026-06-09
CUST1803,C103,New,2026-01-06
CUST1804,C103,Returning,2026-01-05
CUST1805,C110,New,2026-02-18
CUST1806,C104,Returning,2026-05-24
CUST1807,C119,High-value,2026-05-23
CUST1808,C110,High-value,2026-02-11
CUST1809,C109,Returning,2026-04-01
CUST1810,C107,Returning,2026-05-22
CUST1811,C105,Returning,2026-04-18
CUST1812,C105,Returning,2026-04-15
CUST1813,C107,New,2026-05-20
CUST1814,C114,New,2026-04-07
CUST1815,C113,New,2026-03-05
CUST1816,C110,High-value,2026-02-17
CUST1817,C111,New,2026-05-04
CUST1818,C112,Returning,2026-07-04
CUST1819,C107,Returning,2026-05-17
CUST1820,C117,Returning,2026-05-17
CUST1821,C100,Returning,2026-06-26
CUST1822,C114,New,2026-04-13
CUST1823,C107,Returning,2026-05-22
CUST1824,C110,Returning,2026-02-12
CUST1825,C111,New,2026-05-11
CUST1826,C111,New,2026-05-08
CUST1827,C103,Returning,2026-01-12
CUST1828,C115,Returning,2026-02-28
CUST1829,C103,New,2026-01-10
CUST1830,C104,Returning,2026-05-23
CUST1831,C104,Returning,2026-05-29
CUST1832,C107,New,2026-05-22
CUST1833,C109,High-value,2026-04-05
CUST1834,C116,Returning,2026-04-13
CUST1835,C108,Returning,2026-01-15
CUST1836,C118,Returning,2026-06-01
CUST1837,C113,New,2026-03-12
CUST1838,C107,New,2026-05-24
CUST1839,C108,New,2026-01-21
CUST1840,C110,New,2026-02-17
CUST1841,C100,New,2026-06-28
CUST1842,C113,High-value,2026-03-05
CUST1843,C104,Returning,2026-05-27
CUST1844,C113,Returning,2026-03-13
CUST1845,C103,High-value,2026-01-07
CUST1846,C100,Returning,2026-06-27
CUST1847,C118,New,2026-06-09
CUST1848,C107,New,2026-05-18
CUST1849,C114,Returning,2026-04-07
CUST1850,C114,Returning,2026-04-13
CUST1851,C108,New,2026-01-22
CUST1852,C108,Returning,2026-01-24
CUST1853,C109,New,2026-04-05
CUST1854,C119,Returning,2026-05-27
CUST1855,C108,Returning,2026-01-22
CUST1856,C102,Returning,2026-01-04
CUST1857,C119,High-value,2026-05-26
CUST1858,C110,Returning,2026-02-15
CUST1859,C105,High-value,2026-04-13
CUST1860,C101,High-value,2026-05-11
CUST1861,C106,Returning,2026-01-28
CUST1862,C117,Returning,2026-05-19
CUST1863,C101,New,2026-05-17
CUST1864,C116,New,2026-04-15
CUST1865,C110,Returning,2026-02-19
CUST1866,C111,New,2026-05-08
CUST1867,C118,New,2026-06-01
CUST1868,C106,High-value,2026-02-02
CUST1869,C119,High-value,2026-05-30
CUST1870,C105,Returning,2026-04-19
CUST1871,C100,New,2026-06-30
CUST1872,C116,New,2026-04-10
CUST1873,C110,New,2026-02-12
CUST1874,C117,New,2026-05-17
CUST1875,C116,New,2026-04-09
CUST1876,C106,New,2026-02-05
CUST1877,C116,High-value,2026-04-07
CUST1878,C119,Returning,2026-05-31
CUST1879,C108,New,2026-01-21
CUST1880,C116,New,2026-04-11
CUST1881,C119,Returning,2026-05-27
CUST1882,C107,New,2026-05-19
CUST1883,C116,High-value,2026-04-15
CUST1884,C106,New,2026-02-05
CUST1885,C100,New,2026-06-27
CUST1886,C112,New,2026-06-30
CUST1887,C118,New,2026-06-07
CUST1888,C118,Returning,2026-06-02
CUST1889,C116,Returning,2026-04-12
CUST1890,C112,Returning,2026-07-04
CUST1891,C115,New,2026-02-27
CUST1892,C107,Returning,2026-05-23
CUST1893,C118,Returning,2026-06-01
CUST1894,C117,High-value,2026-05-21
CUST1895,C100,New,2026-06-26
CUST1896,C113,New,2026-03-13
CUST1897,C118,Returning,2026-06-08
CUST1898,C114,Returning,2026-04-08
CUST1899,C117,New,2026-05-13
CUST1900,C101,New,2026-05-19
CUST1901,C116,New,2026-04-15
CUST1902,C117,High-value,2026-05-20
CUST1903,C105,New,2026-04-16
CUST1904,C118,High-value,2026-06-08
CUST1905,C103,Returning,2026-01-07
CUST1906,C100,High-value,2026-06-30
CUST1907,C107,Returning,2026-05-23
CUST1908,C106,New,2026-02-03
CUST1909,C102,High-value,2026-01-10
CUST1910,C109,New,2026-04-03
CUST1911,C109,High-value,2026-04-02
CUST1912,C118,Returning,2026-06-02
CUST1913,C113,New,2026-03-08
CUST1914,C101,Returning,2026-05-11
CUST1915,C100,High-value,2026-07-03
CUST1916,C117,New,2026-05-14
CUST1917,C106,Returning,2026-02-01
CUST1918,C107,Returning,2026-05-19
CUST1919,C100,Returning,2026-06-28
CUST1920,C102,New,2026-01-09
CUST1921,C107,New,2026-05-18
CUST1922,C114,New,2026-04-07
CUST1923,C104,Returning,2026-05-27
CUST1924,C102,New,2026-01-06
CUST1925,C118,High-value,2026-06-07
CUST1926,C100,New,2026-06-25
CUST1927,C114,Returning,2026-04-14
CUST1928,C107,New,2026-05-18
CUST1929,C101,New,2026-05-11
CUST1930,C102,New,2026-01-10
CUST1931,C113,New,2026-03-05
CUST1932,C113,Returning,2026-03-10
CUST1933,C110,High-value,2026-02-18
CUST1934,C115,Returning,2026-02-25
CUST1935,C103,High-value,2026-01-10
CUST1936,C119,High-value,2026-05-23
CUST1937,C104,Returning,2026-05-27
CUST1938,C113,Returning,2026-03-11
CUST1939,C115,Returning,2026-02-23
CUST1940,C117,New,2026-05-12
CUST1941,C106,Returning,2026-01-30
CUST1942,C109,New,2026-03-31
CUST1943,C106,Returning,2026-02-03
CUST1944,C100,Returning,2026-06-28
CUST1945,C118,New,2026-05-31
CUST1946,C115,New,2026-02-28
CUST1947,C118,High-value,2026-06-08
CUST1948,C103,Returning,2026-01-14
CUST1949,C117,New,2026-05-13
CUST1950,C101,Returning,2026-05-19
CUST1951,C100,Returning,2026-07-01
CUST1952,C114,Returning,2026-04-12
CUST1953,C104,High-value,2026-05-24
CUST1954,C119,Returning,2026-05-24
CUST1955,C110,New,2026-02-17
CUST1956,C109,Returning,2026-04-04
CUST1957,C101,High-value,2026-05-16
CUST1958,C102,New,2026-01-04
CUST1959,C111,New,2026-05-05
CUST1960,C119,New,2026-05-31
CUST1961,C104,Returning,2026-05-24
CUST1962,C104,Returning,2026-05-28
CUST1963,C105,Returning,2026-04-20
CUST1964,C108,High-value,2026-01-16
CUST1965,C101,Returning,2026-05-16
CUST1966,C111,New,2026-05-11
CUST1967,C102,New,2026-01-07
CUST1968,C119,New,2026-05-25
CUST1969,C111,New,2026-05-04
CUST1970,C116,Returning,2026-04-11
CUST1971,C109,High-value,2026-04-07
CUST1972,C113,New,2026-03-09
CUST1973,C116,Returning,2026-04-10
CUST1974,C117,Returning,2026-05-19
CUST1975,C118,New,2026-06-01
CUST1976,C116,New,2026-04-06
CUST1977,C113,New,2026-03-04
CUST1978,C108,New,2026-01-18
CUST1979,C107,High-value,2026-05-22
CUST1980,C101,New,2026-05-19
CUST1981,C112,New,2026-06-28
CUST1982,C106,Returning,2026-01-27
CUST1983,C108,High-value,2026-01-19
CUST1984,C110,New,2026-02-20
CUST1985,C113,New,2026-03-08
CUST1986,C103,New,2026-01-09
CUST1987,C112,New,2026-07-07
CUST1988,C101,New,2026-05-16
CUST1989,C104,Returning,2026-05-29
CUST1990,C110,New,2026-02-13
CUST1991,C105,New,2026-04-21
CUST1992,C117,Returning,2026-05-12
CUST1993,C109,New,2026-04-03
CUST1994,C103,New,2026-01-13
CUST1995,C108,New,2026-01-22
CUST1996,C105,High-value,2026-04-22
CUST1997,C101,New,2026-05-19
CUST1998,C116,High-value,2026-04-06
CUST1999,C104,Returning,2026-05-30
CUST2000,C105,New,2026-04-15
CUST2001,C111,High-value,2026-05-13
CUST2002,C109,New,2026-04-08
CUST2003,C105,New,2026-04-13
CUST2004,C107,Returning,2026-05-17
CUST2005,C101,Returning,2026-05-19
CUST2006,C111,Returning,2026-05-09
CUST2007,C112,New,2026-07-01
CUST2008,C106,New,2026-02-02
CUST2009,C109,Returning,2026-04-04
CUST2010,C112,New,2026-07-07
CUST2011,C116,New,2026-04-12
CUST2012,C113,New,2026-03-11
CUST2013,C101,New,2026-05-18
CUST2014,C110,High-value,2026-02-11
CUST2015,C100,New,2026-07-01
CUST2016,C118,High-value,2026-06-05
CUST2017,C103,New,2026-01-08
CUST2018,C118,Returning,2026-06-07
CUST2019,C110,New,2026-02-13
CUST2020,C107,New,2026-05-20
CUST2021,C110,New,2026-02-16
CUST2022,C103,New,2026-01-11
CUST2023,C116,Returning,2026-04-09
CUST2024,C106,High-value,2026-01-30
CUST2025,C107,Returning,2026-05-23
CUST2026,C102,New,2026-01-06
CUST2027,C101,New,2026-05-18
CUST2028,C114,New,2026-04-06
CUST2029,C104,Returning,2026-05-31
CUST2030,C100,Returning,2026-06-30
CUST2031,C103,High-value,2026-01-11
CUST2032,C114,New,2026-04-12
CUST2033,C119,Returning,2026-05-29
CUST2034,C118,New,2026-06-09
CUST2035,C102,Returning,2026-01-10
CUST2036,C119,Returning,2026-05-30
CUST2037,C110,Returning,2026-02-19
CUST2038,C116,Returning,2026-04-14
CUST2039,C112,New,2026-06-29
CUST2040,C110,Returning,2026-02-17
CUST2041,C101,New,2026-05-17
CUST2042,C108,Returning,2026-01-18
CUST2043,C101,New,2026-05-19
CUST2044,C108,Returning,2026-01-22
CUST2045,C108,High-value,2026-01-15
CUST2046,C107,High-value,2026-05-18
CUST2047,C116,Returning,2026-04-07
CUST2048,C100,Returning,2026-07-01
CUST2049,C110,Returning,2026-02-11
CUST2050,C107,Returning,2026-05-20
CUST2051,C109,High-value,2026-04-09
CUST2052,C106,New,2026-01-31
CUST2053,C102,High-value,2026-01-09
CUST2054,C102,High-value,2026-01-07
CUST2055,C117,Returning,2026-05-19
CUST2056,C104,New,2026-05-30
CUST2057,C111,New,2026-05-10
CUST2058,C111,High-value,2026-05-08
CUST2059,C118,New,2026-06-04
CUST2060,C105,High-value,2026-04-22
CUST2061,C101,New,2026-05-16
CUST2062,C111,New,2026-05-08
CUST2063,C118,High-value,2026-06-08
CUST2064,C104,Returning,2026-05-24
CUST2065,C111,Returning,2026-05-06
CUST2066,C116,Returning,2026-04-12
CUST2067,C116,New,2026-04-12
CUST2068,C109,Returning,2026-04-05
CUST2069,C116,New,2026-04-08
CUST2070,C114,High-value,2026-04-12
CUST2071,C111,High-value,2026-05-08
CUST2072,C115,New,2026-02-27
CUST2073,C118,Returning,2026-06-01
CUST2074,C107,Returning,2026-05-22
CUST2075,C116,New,2026-04-13
CUST2076,C104,High-value,2026-05-22
CUST2077,C115,New,2026-02-24
CUST2078,C105,New,2026-04-13
CUST2079,C107,Returning,2026-05-17
CUST2080,C117,Returning,2026-05-21
CUST2081,C111,Returning,2026-05-11
CUST2082,C114,Returning,2026-04-12
CUST2083,C108,Returning,2026-01-24
CUST2084,C112,Returning,2026-06-28
CUST2085,C114,New,2026-04-07
CUST2086,C109,New,2026-04-03
CUST2087,C115,New,2026-02-21
CUST2088,C106,New,2026-01-29
CUST2089,C116,Returning,2026-04-13
CUST2090,C106,New,2026-02-03
CUST2091,C113,New,2026-03-11
CUST2092,C114,New,2026-04-11
CUST2093,C106,High-value,2026-02-01
CUST2094,C108,High-value,2026-01-19
CUST2095,C118,Returning,2026-06-08
CUST2096,C115,High-value,2026-02-24
CUST2097,C107,Returning,2026-05-26
CUST2098,C117,Returning,2026-05-18
CUST2099,C117,New,2026-05-12
CUST2100,C119,Returning,2026-05-31
CUST2101,C106,Returning,2026-02-02
CUST2102,C102,Returning,2026-01-10
CUST2103,C117,Returning,2026-05-20
CUST2104,C109,Returning,2026-04-06
CUST2105,C106,Returning,2026-01-28
CUST2106,C116,High-value,2026-04-11
CUST2107,C113,New,2026-03-13
CUST2108,C102,Returning,2026-01-04
CUST2109,C111,New,2026-05-06
CUST2110,C112,Returning,2026-06-29
CUST2111,C101,Returning,2026-05-16
CUST2112,C102,New,2026-01-08
CUST2113,C104,Returning,2026-05-27
CUST2114,C110,New,2026-02-19
CUST2115,C107,Returning,2026-05-21
CUST2116,C111,New,2026-05-05
CUST2117,C106,Returning,2026-02-03
CUST2118,C114,New,2026-04-14
CUST2119,C116,Returning,2026-04-15
CUST2120,C103,New,2026-01-08
CUST2121,C112,High-value,2026-07-03
CUST2122,C117,High-value,2026-05-21
CUST2123,C100,High-value,2026-07-01
CUST2124,C115,Returning,2026-03-01
CUST2125,C112,Returning,2026-07-02
CUST2126,C109,New,2026-04-05
CUST2127,C111,New,2026-05-07
CUST2128,C101,New,2026-05-15
CUST2129,C102,Returning,2026-01-07
CUST2130,C109,High-value,2026-04-08
CUST2131,C101,New,2026-05-20
CUST2132,C112,High-value,2026-07-03
CUST2133,C112,Returning,2026-07-03
CUST2134,C117,Returning,2026-05-19
CUST2135,C102,New,2026-01-04
CUST2136,C106,New,2026-01-29
CUST2137,C113,Returning,2026-03-10
CUST2138,C119,Returning,2026-05-27
CUST2139,C116,New,2026-04-07
CUST2140,C111,Returning,2026-05-05
CUST2141,C115,High-value,2026-02-26
CUST2142,C111,Returning,2026-05-11
CUST2143,C114,High-value,2026-04-06
CUST2144,C109,New,2026-04-05
CUST2145,C106,New,2026-01-28
CUST2146,C119,Returning,2026-05-24
CUST2147,C104,New,2026-05-28
CUST2148,C100,New,2026-07-03
CUST2149,C116,New,2026-04-06
CUST2150,C102,New,2026-01-06
CUST2151,C112,New,2026-07-04
CUST2152,C113,New,2026-03-11
CUST2153,C117,New,2026-05-18
CUST2154,C103,New,2026-01-10
CUST2155,C117,Returning,2026-05-20
CUST2156,C104,Returning,2026-05-24
CUST2157,C115,Returning,2026-02-26
CUST2158,C100,New,2026-06-27
CUST2159,C113,New,2026-03-05
CUST2160,C114,Returning,2026-04-06
CUST2161,C108,Returning,2026-01-15
CUST2162,C114,Returning,2026-04-15
CUST2163,C116,New,2026-04-08
CUST2164,C103,High-value,2026-01-08
CUST2165,C111,New,2026-05-05
CUST2166,C104,New,2026-05-22
CUST2167,C104,Returning,2026-05-25
CUST2168,C110,Returning,2026-02-17
CUST2169,C105,New,2026-04-22
CUST2170,C106,New,2026-02-01
CUST2171,C113,Returning,2026-03-09
CUST2172,C110,New,2026-02-19
CUST2173,C112,New,2026-06-29
CUST2174,C101,New,2026-05-14
CUST2175,C106,Returning,2026-01-31
CUST2176,C119,New,2026-05-23
CUST2177,C103,High-value,2026-01-12
CUST2178,C107,Returning,2026-05-24
CUST2179,C119,High-value,2026-05-28
CUST2180,C118,High-value,2026-06-04
CUST2181,C112,New,2026-07-05
CUST2182,C113,New,2026-03-06
CUST2183,C109,New,2026-04-02
CUST2184,C110,New,2026-02-12
CUST2185,C101,Returning,2026-05-15
CUST2186,C108,New,2026-01-17
CUST2187,C116,New,2026-04-08
CUST2188,C102,New,2026-01-06
CUST2189,C105,High-value,2026-04-20
CUST2190,C104,New,2026-05-23
CUST2191,C104,New,2026-05-25
CUST2192,C114,New,2026-04-12
CUST2193,C116,High-value,2026-04-06
CUST2194,C108,Returning,2026-01-15
CUST2195,C102,New,2026-01-10
CUST2196,C119,New,2026-05-29
CUST2197,C116,New,2026-04-12
CUST2198,C109,New,2026-03-31
CUST2199,C102,High-value,2026-01-01
CUST2200,C117,Returning,2026-05-15
CUST2201,C117,New,2026-05-16
CUST2202,C116,High-value,2026-04-10
CUST2203,C102,New,2026-01-04
CUST2204,C102,Returning,2026-01-08
CUST2205,C105,High-value,2026-04-19
CUST2206,C112,New,2026-07-06
CUST2207,C114,Returning,2026-04-12
CUST2208,C108,New,2026-01-24
CUST2209,C103,New,2026-01-05
CUST2210,C113,New,2026-03-10
CUST2211,C104,New,2026-05-22
CUST2212,C101,Returning,2026-05-17
CUST2213,C110,High-value,2026-02-20
CUST2214,C108,Returning,2026-01-22
CUST2215,C102,High-value,2026-01-09
CUST2216,C108,Returning,2026-01-17
CUST2217,C102,New,2026-01-04
CUST2218,C101,New,2026-05-14
CUST2219,C111,New,2026-05-12
CUST2220,C109,Returning,2026-04-06
CUST2221,C108,High-value,2026-01-17
CUST2222,C114,New,2026-04-15
CUST2223,C107,Returning,2026-05-21
CUST2224,C104,Returning,2026-05-28
CUST2225,C110,Returning,2026-02-18
CUST2226,C101,New,2026-05-11
CUST2227,C114,New,2026-04-07
CUST2228,C105,New,2026-04-19
CUST2229,C107,New,2026-05-18
CUST2230,C104,New,2026-05-28
CUST2231,C115,Returning,2026-03-01
CUST2232,C117,New,2026-05-13
CUST2233,C105,High-value,2026-04-19
CUST2234,C104,Returning,2026-05-25
CUST2235,C115,Returning,2026-02-22
CUST2236,C112,New,2026-07-04
CUST2237,C104,Returning,2026-05-26
CUST2238,C112,High-value,2026-06-28
CUST2239,C116,New,2026-04-10
CUST2240,C117,New,2026-05-14
CUST2241,C107,Returning,2026-05-23
CUST2242,C112,New,2026-07-03
CUST2243,C118,New,2026-06-07
CUST2244,C102,New,2026-01-05
CUST2245,C107,New,2026-05-18
CUST2246,C101,Returning,2026-05-19
CUST2247,C107,New,2026-05-24
CUST2248,C112,High-value,2026-07-03
CUST2249,C112,Returning,2026-07-07
CUST2250,C100,Returning,2026-06-30
CUST2251,C105,Returning,2026-04-21
CUST2252,C118,High-value,2026-06-06
CUST2253,C115,New,2026-02-23
CUST2254,C107,High-value,2026-05-22
CUST2255,C100,Returning,2026-06-30
CUST2256,C115,Returning,2026-02-22
CUST2257,C108,Returning,2026-01-17
CUST2258,C112,New,2026-07-01
CUST2259,C110,New,2026-02-20
CUST2260,C112,Returning,2026-07-03
CUST2261,C109,New,2026-03-31
CUST2262,C103,Returning,2026-01-13
CUST2263,C105,New,2026-04-17
CUST2264,C106,New,2026-02-02
CUST2265,C104,New,2026-05-30
CUST2266,C110,New,2026-02-19
CUST2267,C112,Returning,2026-06-28
CUST2268,C118,New,2026-05-31
CUST2269,C109,High-value,2026-04-02
CUST2270,C109,Returning,2026-04-05
CUST2271,C110,New,2026-02-12
CUST2272,C106,Returning,2026-02-05
CUST2273,C117,High-value,2026-05-12
CUST2274,C103,Returning,2026-01-05
CUST2275,C101,New,2026-05-15
CUST2276,C113,High-value,2026-03-07
CUST2277,C112,Returning,2026-06-28
CUST2278,C111,New,2026-05-07
CUST2279,C106,New,2026-01-29
CUST2280,C101,Returning,2026-05-12
CUST2281,C112,New,2026-07-06
CUST2282,C113,Returning,2026-03-04
CUST2283,C116,New,2026-04-12
CUST2284,C108,High-value,2026-01-18
CUST2285,C116,Returning,2026-04-10
CUST2286,C107,New,2026-05-26
CUST2287,C101,New,2026-05-15
CUST2288,C112,Returning,2026-06-28
CUST2289,C102,Returning,2026-01-06
CUST2290,C115,Returning,2026-03-01
CUST2291,C105,New,2026-04-14
CUST2292,C118,New,2026-06-06
CUST2293,C106,New,2026-02-01
CUST2294,C109,Returning,2026-04-04
CUST2295,C108,New,2026-01-18
CUST2296,C101,New,2026-05-14
CUST2297,C114,Returning,2026-04-11
CUST2298,C104,High-value,2026-05-25
CUST2299,C103,New,2026-01-09
CUST2300,C119,New,2026-05-28
CUST2301,C103,Returning,2026-01-09
CUST2302,C117,Returning,2026-05-18
CUST2303,C103,New,2026-01-13
CUST2304,C116,High-value,2026-04-15
CUST2305,C111,Returning,2026-05-10
CUST2306,C116,New,2026-04-12
CUST2307,C109,New,2026-04-03
CUST2308,C100,Returning,2026-06-24
CUST2309,C117,Returning,2026-05-19
CUST2310,C117,New,2026-05-15
CUST2311,C113,Returning,2026-03-04
CUST2312,C114,Returning,2026-04-10
CUST2313,C111,New,2026-05-11
CUST2314,C103,Returning,2026-01-08
CUST2315,C102,High-value,2026-01-08
CUST2316,C119,New,2026-05-30
CUST2317,C111,New,2026-05-06
CUST2318,C106,New,2026-02-04
CUST2319,C110,High-value,2026-02-13
CUST2320,C100,High-value,2026-06-24
CUST2321,C105,New,2026-04-14
CUST2322,C114,Returning,2026-04-11
CUST2323,C114,Returning,2026-04-15
CUST2324,C118,Returning,2026-06-01
CUST2325,C110,New,2026-02-16
CUST2326,C101,New,2026-05-11
CUST2327,C113,New,2026-03-04
CUST2328,C101,Returning,2026-05-15
CUST2329,C103,New,2026-01-14
CUST2330,C116,High-value,2026-04-14
CUST2331,C102,New,2026-01-08
CUST2332,C112,New,2026-06-30
CUST2333,C108,Returning,2026-01-17
CUST2334,C106,Returning,2026-01-27
CUST2335,C114,New,2026-04-08
CUST2336,C110,New,2026-02-11
CUST2337,C119,High-value,2026-05-30
CUST2338,C101,New,2026-05-11
CUST2339,C114,New,2026-04-10
CUST2340,C113,Returning,2026-03-12
CUST2341,C119,New,2026-05-29
CUST2342,C110,New,2026-02-14
CUST2343,C102,New,2026-01-09
CUST2344,C116,New,2026-04-14
CUST2345,C111,New,2026-05-05
CUST2346,C114,New,2026-04-15
CUST2347,C115,New,2026-03-02
CUST2348,C104,New,2026-05-27
CUST2349,C119,Returning,2026-05-26
CUST2350,C105,New,2026-04-20
CUST2351,C118,New,2026-06-06
CUST2352,C104,High-value,2026-05-28
CUST2353,C102,Returning,2026-01-10
CUST2354,C100,New,2026-07-02
CUST2355,C105,High-value,2026-04-17
CUST2356,C114,New,2026-04-11
CUST2357,C101,New,2026-05-11
CUST2358,C102,Returning,2026-01-06
CUST2359,C116,Returning,2026-04-07
CUST2360,C111,New,2026-05-09
CUST2361,C117,New,2026-05-20
CUST2362,C114,Returning,2026-04-13
CUST2363,C111,New,2026-05-12
CUST2364,C115,High-value,2026-03-02
CUST2365,C107,New,2026-05-24
CUST2366,C113,High-value,2026-03-06
CUST2367,C116,Returning,2026-04-13
CUST2368,C107,Returning,2026-05-22
CUST2369,C114,Returning,2026-04-11
CUST2370,C113,Returning,2026-03-09
CUST2371,C117,New,2026-05-14
CUST2372,C119,New,2026-06-01
CUST2373,C106,New,2026-01-27
CUST2374,C102,High-value,2026-01-04
CUST2375,C111,Returning,2026-05-13
CUST2376,C102,New,2026-01-06
CUST2377,C119,New,2026-06-01
CUST2378,C113,New,2026-03-05
CUST2379,C114,Returning,2026-04-12
CUST2380,C113,New,2026-03-10
CUST2381,C106,Returning,2026-01-30
CUST2382,C116,High-value,2026-04-09
CUST2383,C111,New,2026-05-04
CUST2384,C119,New,2026-05-24
CUST2385,C103,New,2026-01-13
CUST2386,C108,New,2026-01-24
CUST2387,C105,New,2026-04-20
CUST2388,C115,New,2026-02-28
CUST2389,C101,High-value,2026-05-19
CUST2390,C107,New,2026-05-23
CUST2391,C110,New,2026-02-19
CUST2392,C112,High-value,2026-07-07
CUST2393,C116,Returning,2026-04-07
CUST2394,C107,New,2026-05-22
CUST2395,C117,Returning,2026-05-14
CUST2396,C117,New,2026-05-17
CUST2397,C113,Returning,2026-03-06
CUST2398,C114,Returning,2026-04-13
CUST2399,C105,Returning,2026-04-16
CUST2400,C110,New,2026-02-20
CUST2401,C112,Returning,2026-07-03
CUST2402,C100,New,2026-07-02
CUST2403,C105,New,2026-04-14
CUST2404,C108,New,2026-01-16
CUST2405,C107,New,2026-05-23
CUST2406,C110,New,2026-02-12
CUST2407,C118,Returning,2026-06-01
CUST2408,C108,High-value,2026-01-18
CUST2409,C116,New,2026-04-14
CUST2410,C111,New,2026-05-11
CUST2411,C113,New,2026-03-05
CUST2412,C114,New,2026-04-13
CUST2413,C115,New,2026-02-24
CUST2414,C119,High-value,2026-05-24
CUST2415,C100,New,2026-07-03
CUST2416,C109,New,2026-04-06
CUST2417,C107,New,2026-05-22
CUST2418,C117,High-value,2026-05-21
CUST2419,C100,Returning,2026-06-28
CUST2420,C101,High-value,2026-05-11
CUST2421,C100,Returning,2026-06-25
CUST2422,C100,New,2026-07-01
CUST2423,C108,New,2026-01-15
CUST2424,C112,Returning,2026-06-30
CUST2425,C100,New,2026-06-25
CUST2426,C112,Returning,2026-07-02
CUST2427,C119,New,2026-05-26
CUST2428,C106,New,2026-02-02
CUST2429,C101,Returning,2026-05-15
CUST2430,C105,Returning,2026-04-20
CUST2431,C106,Returning,2026-01-30
CUST2432,C113,New,2026-03-09
CUST2433,C117,Returning,2026-05-15
CUST2434,C114,New,2026-04-07
CUST2435,C101,New,2026-05-11
CUST2436,C109,New,2026-03-31
CUST2437,C111,New,2026-05-11
CUST2438,C116,New,2026-04-09
CUST2439,C107,New,2026-05-21
CUST2440,C110,New,2026-02-18
CUST2441,C102,New,2026-01-07
CUST2442,C105,New,2026-04-20
CUST2443,C108,New,2026-01-22
CUST2444,C105,New,2026-04-18
CUST2445,C108,Returning,2026-01-24
CUST2446,C106,New,2026-01-28
CUST2447,C108,New,2026-01-20
CUST2448,C117,New,2026-05-12
CUST2449,C111,Returning,2026-05-04
CUST2450,C107,High-value,2026-05-19
CUST2451,C107,Returning,2026-05-19
CUST2452,C117,Returning,2026-05-16
CUST2453,C119,New,2026-05-23
CUST2454,C114,Returning,2026-04-15
CUST2455,C106,Returning,2026-02-01
CUST2456,C110,New,2026-02-17
CUST2457,C119,New,2026-06-01
CUST2458,C115,New,2026-02-23
CUST2459,C103,High-value,2026-01-08
CUST2460,C105,Returning,2026-04-22
CUST2461,C102,Returning,2026-01-10
CUST2462,C108,New,2026-01-24
CUST2463,C109,New,2026-04-09
CUST2464,C113,New,2026-03-13
CUST2465,C110,New,2026-02-13
CUST2466,C117,Returning,2026-05-12
CUST2467,C111,Returning,2026-05-11
CUST2468,C111,New,2026-05-13
CUST2469,C112,Returning,2026-07-07
CUST2470,C112,New,2026-06-29
CUST2471,C118,High-value,2026-05-31
CUST2472,C118,New,2026-06-07
CUST2473,C113,New,2026-03-10
CUST2474,C103,New,2026-01-11
CUST2475,C112,New,2026-07-01
CUST2476,C107,New,2026-05-25
CUST2477,C118,Returning,2026-06-05
CUST2478,C111,High-value,2026-05-05
CUST2479,C117,Returning,2026-05-12
CUST2480,C105,New,2026-04-13
CUST2481,C117,Returning,2026-05-20
CUST2482,C118,New,2026-06-03
CUST2483,C104,New,2026-05-26
CUST2484,C108,Returning,2026-01-17
CUST2485,C102,Returning,2026-01-04
CUST2486,C109,New,2026-04-07
CUST2487,C118,New,2026-06-03
CUST2488,C102,High-value,2026-01-09
CUST2489,C114,New,2026-04-14
CUST2490,C100,New,2026-06-29
CUST2491,C106,Returning,2026-01-28
CUST2492,C111,New,2026-05-13
CUST2493,C116,New,2026-04-12
CUST2494,C119,New,2026-05-31
CUST2495,C104,Returning,2026-05-27
CUST2496,C103,Returning,2026-01-07
CUST2497,C111,Returning,2026-05-10
CUST2498,C119,High-value,2026-05-27
CUST2499,C117,Returning,2026-05-12
CUST2500,C116,New,2026-04-08
CUST2501,C118,New,2026-06-04
CUST2502,C108,Returning,2026-01-21
CUST2503,C103,Returning,2026-01-07
CUST2504,C101,Returning,2026-05-16
CUST2505,C103,Returning,2026-01-09
CUST2506,C101,New,2026-05-11
CUST2507,C114,New,2026-04-15
CUST2508,C101,New,2026-05-16
CUST2509,C103,New,2026-01-12
CUST2510,C105,New,2026-04-13
CUST2511,C106,Returning,2026-01-28
CUST2512,C109,Returning,2026-04-03
CUST2513,C118,New,2026-06-01
CUST2514,C118,New,2026-06-08
CUST2515,C111,New,2026-05-13
CUST2516,C102,New,2026-01-08
CUST2517,C112,Returning,2026-07-05
CUST2518,C117,Returning,2026-05-15
CUST2519,C107,Returning,2026-05-21
CUST2520,C114,Returning,2026-04-09
CUST2521,C100,Returning,2026-07-02
CUST2522,C102,New,2026-01-02
CUST2523,C107,New,2026-05-24
CUST2524,C103,New,2026-01-06
CUST2525,C115,High-value,2026-02-21
CUST2526,C109,New,2026-04-09
CUST2527,C111,New,2026-05-06
CUST2528,C113,High-value,2026-03-12
CUST2529,C113,High-value,2026-03-06
CUST2530,C101,Returning,2026-05-19
CUST2531,C104,New,2026-05-28
CUST2532,C104,New,2026-05-31
CUST2533,C105,New,2026-04-13
CUST2534,C112,New,2026-07-07
CUST2535,C108,New,2026-01-19
CUST2536,C114,New,2026-04-14
CUST2537,C113,High-value,2026-03-06
CUST2538,C106,New,2026-02-04
CUST2539,C119,Returning,2026-05-27
CUST2540,C101,Returning,2026-05-19
CUST2541,C106,New,2026-02-05
CUST2542,C105,Returning,2026-04-18
CUST2543,C116,New,2026-04-14
CUST2544,C101,New,2026-05-17
CUST2545,C102,Returning,2026-01-07
CUST2546,C104,New,2026-05-29
CUST2547,C104,High-value,2026-05-28
CUST2548,C100,New,2026-07-02
CUST2549,C107,Returning,2026-05-25
CUST2550,C111,New,2026-05-09
CUST2551,C103,New,2026-01-11
CUST2552,C112,New,2026-06-29
CUST2553,C114,Returning,2026-04-14
CUST2554,C110,Returning,2026-02-11
CUST2555,C109,Returning,2026-03-31
CUST2556,C102,New,2026-01-03
CUST2557,C113,Returning,2026-03-09
CUST2558,C115,Returning,2026-02-25
CUST2559,C109,Returning,2026-04-01
CUST2560,C109,New,2026-04-08
CUST2561,C111,Returning,2026-05-13
CUST2562,C108,Returning,2026-01-18
CUST2563,C100,New,2026-06-27
CUST2564,C104,Returning,2026-05-26
CUST2565,C119,Returning,2026-05-30
CUST2566,C107,New,2026-05-26
CUST2567,C110,New,2026-02-14
CUST2568,C111,New,2026-05-08
CUST2569,C100,Returning,2026-06-27
CUST2570,C119,Returning,2026-05-28
CUST2571,C110,New,2026-02-13
CUST2572,C104,Returning,2026-05-29
CUST2573,C114,High-value,2026-04-11
CUST2574,C104,New,2026-05-31
CUST2575,C111,High-value,2026-05-08
CUST2576,C104,High-value,2026-05-23
CUST2577,C116,Returning,2026-04-15
CUST2578,C116,Returning,2026-04-15
CUST2579,C111,High-value,2026-05-10
CUST2580,C114,Returning,2026-04-07
CUST2581,C114,New,2026-04-06
CUST2582,C105,Returning,2026-04-19
CUST2583,C111,Returning,2026-05-08
CUST2584,C119,Returning,2026-05-23
CUST2585,C117,New,2026-05-15
CUST2586,C113,Returning,2026-03-07
CUST2587,C101,New,2026-05-20
CUST2588,C108,High-value,2026-01-21
CUST2589,C104,New,2026-05-30
CUST2590,C119,New,2026-05-24
CUST2591,C100,New,2026-06-24
CUST2592,C102,New,2026-01-02
CUST2593,C105,Returning,2026-04-19
CUST2594,C104,High-value,2026-05-31
CUST2595,C104,Returning,2026-05-27
CUST2596,C100,New,2026-06-27
CUST2597,C116,New,2026-04-06
CUST2598,C118,Returning,2026-05-31
CUST2599,C113,High-value,2026-03-08
CUST2600,C111,New,2026-05-04
CUST2601,C109,New,2026-04-06
CUST2602,C119,New,2026-05-23
CUST2603,C117,High-value,2026-05-12
CUST2604,C110,Returning,2026-02-12
CUST2605,C101,New,2026-05-20
CUST2606,C117,New,2026-05-14
CUST2607,C106,High-value,2026-01-27
CUST2608,C114,New,2026-04-14
CUST2609,C110,New,2026-02-20
CUST2610,C117,Returning,2026-05-19
CUST2611,C111,New,2026-05-08
CUST2612,C105,New,2026-04-14
CUST2613,C119,Returning,2026-05-27
CUST2614,C112,High-value,2026-07-03
CUST2615,C119,Returning,2026-05-23
CUST2616,C115,High-value,2026-02-24
CUST2617,C117,Returning,2026-05-20
CUST2618,C109,Returning,2026-04-01
CUST2619,C107,New,2026-05-21
CUST2620,C117,Returning,2026-05-12
CUST2621,C100,High-value,2026-06-27
CUST2622,C107,New,2026-05-20
CUST2623,C105,New,2026-04-18
CUST2624,C104,New,2026-05-31
CUST2625,C114,New,2026-04-14
CUST2626,C114,New,2026-04-08
CUST2627,C101,Returning,2026-05-19
CUST2628,C100,High-value,2026-06-29
CUST2629,C110,New,2026-02-17
CUST2630,C109,New,2026-04-09
CUST2631,C117,New,2026-05-13
CUST2632,C117,High-value,2026-05-21
CUST2633,C116,New,2026-04-11
CUST2634,C107,New,2026-05-22
CUST2635,C114,New,2026-04-07
CUST2636,C107,New,2026-05-18
CUST2637,C116,New,2026-04-07
CUST2638,C111,High-value,2026-05-13
CUST2639,C107,Returning,2026-05-17
CUST2640,C113,Returning,2026-03-08
CUST2641,C103,New,2026-01-12
CUST2642,C100,Returning,2026-06-25
CUST2643,C100,Returning,2026-06-28
CUST2644,C118,New,2026-06-07
CUST2645,C115,Returning,2026-03-02
CUST2646,C113,New,2026-03-08
CUST2647,C115,Returning,2026-02-22
CUST2648,C104,New,2026-05-24
CUST2649,C108,High-value,2026-01-20
CUST2650,C101,New,2026-05-15
CUST2651,C117,Returning,2026-05-15
CUST2652,C105,Returning,2026-04-16
CUST2653,C108,Returning,2026-01-19
CUST2654,C100,New,2026-06-25
CUST2655,C108,New,2026-01-23
CUST2656,C115,Returning,2026-02-22
CUST2657,C112,New,2026-07-07
CUST2658,C108,New,2026-01-16
CUST2659,C112,Returning,2026-07-07
CUST2660,C108,Returning,2026-01-23
CUST2661,C110,New,2026-02-13
CUST2662,C103,New,2026-01-14
CUST2663,C101,New,2026-05-17
CUST2664,C105,Returning,2026-04-16
CUST2665,C113,Returning,2026-03-09
CUST2666,C103,Returning,2026-01-08
CUST2667,C105,High-value,2026-04-22
CUST2668,C118,New,2026-06-06
CUST2669,C105,New,2026-04-13
CUST2670,C101,New,2026-05-13
CUST2671,C117,New,2026-05-14
CUST2672,C112,High-value,2026-06-28
CUST2673,C108,Returning,2026-01-20
CUST2674,C118,New,2026-06-08
CUST2675,C112,New,2026-07-05
CUST2676,C110,Returning,2026-02-17
CUST2677,C100,Returning,2026-07-03
CUST2678,C106,New,2026-02-03
CUST2679,C114,High-value,2026-04-11
CUST2680,C100,Returning,2026-07-02
CUST2681,C111,New,2026-05-06
CUST2682,C106,High-value,2026-02-05
CUST2683,C114,New,2026-04-15
CUST2684,C118,High-value,2026-06-08
CUST2685,C100,High-value,2026-06-27
CUST2686,C116,Returning,2026-04-12
CUST2687,C116,Returning,2026-04-14
CUST2688,C102,New,2026-01-02
CUST2689,C111,High-value,2026-05-05
CUST2690,C105,Returning,2026-04-21
CUST2691,C110,Returning,2026-02-13
CUST2692,C102,High-value,2026-01-09
CUST2693,C107,High-value,2026-05-21
CUST2694,C113,Returning,2026-03-09
CUST2695,C113,New,2026-03-05
CUST2696,C109,High-value,2026-04-07
CUST2697,C101,Returning,2026-05-19
CUST2698,C113,High-value,2026-03-05
CUST2699,C108,Returning,2026-01-20
CUST2700,C102,New,2026-01-06
CUST2701,C107,New,2026-05-24
CUST2702,C115,Returning,2026-03-02
CUST2703,C101,Returning,2026-05-15
CUST2704,C105,New,2026-04-21
CUST2705,C111,Returning,2026-05-04
CUST2706,C104,New,2026-05-30
CUST2707,C101,Returning,2026-05-20
CUST2708,C115,New,2026-02-27
CUST2709,C104,New,2026-05-25
CUST2710,C114,New,2026-04-08
CUST2711,C111,New,2026-05-13
CUST2712,C103,New,2026-01-10
CUST2713,C114,New,2026-04-06
CUST2714,C110,New,2026-02-13
CUST2715,C115,High-value,2026-02-22
CUST2716,C105,High-value,2026-04-21
CUST2717,C113,New,2026-03-06
CUST2718,C117,High-value,2026-05-13
CUST2719,C111,New,2026-05-07
CUST2720,C110,Returning,2026-02-12
CUST2721,C112,Returning,2026-06-28
CUST2722,C110,New,2026-02-16
CUST2723,C115,New,2026-03-02
CUST2724,C114,New,2026-04-13
CUST2725,C114,New,2026-04-15
CUST2726,C103,Returning,2026-01-14
CUST2727,C110,New,2026-02-12
CUST2728,C118,New,2026-06-08
CUST2729,C114,New,2026-04-08
CUST2730,C103,New,2026-01-12
CUST2731,C112,Returning,2026-07-05
CUST2732,C118,New,2026-06-02
CUST2733,C101,High-value,2026-05-13
CUST2734,C113,New,2026-03-09
CUST2735,C103,New,2026-01-05
CUST2736,C115,Returning,2026-02-24
CUST2737,C119,New,2026-05-23
CUST2738,C113,Returning,2026-03-06
CUST2739,C114,Returning,2026-04-14
CUST2740,C102,New,2026-01-05
CUST2741,C107,New,2026-05-21
CUST2742,C115,New,2026-02-24
CUST2743,C109,New,2026-04-02
CUST2744,C103,New,2026-01-09
CUST2745,C117,New,2026-05-15
CUST2746,C101,New,2026-05-18
CUST2747,C116,Returning,2026-04-09
CUST2748,C112,Returning,2026-07-05
CUST2749,C103,Returning,2026-01-10
CUST2750,C110,New,2026-02-15
CUST2751,C106,New,2026-01-30
CUST2752,C111,High-value,2026-05-07
CUST2753,C109,Returning,2026-04-03
CUST2754,C106,High-value,2026-02-04
CUST2755,C112,New,2026-07-01
CUST2756,C106,Returning,2026-02-04
CUST2757,C116,Returning,2026-04-15
CUST2758,C109,New,2026-04-05
CUST2759,C109,New,2026-04-09
CUST2760,C103,Returning,2026-01-11
CUST2761,C119,New,2026-06-01
CUST2762,C103,New,2026-01-07
CUST2763,C106,Returning,2026-02-03
CUST2764,C100,High-value,2026-06-26
CUST2765,C111,New,2026-05-04
CUST2766,C112,New,2026-07-07
CUST2767,C109,New,2026-04-04
CUST2768,C114,Returning,2026-04-07
CUST2769,C112,New,2026-07-07
CUST2770,C108,High-value,2026-01-20
CUST2771,C108,New,2026-01-24
CUST2772,C114,New,2026-04-14
CUST2773,C109,Returning,2026-03-31
CUST2774,C109,Returning,2026-04-03
CUST2775,C107,New,2026-05-17
CUST2776,C115,New,2026-02-21
CUST2777,C116,High-value,2026-04-13
CUST2778,C104,New,2026-05-23
CUST2779,C103,High-value,2026-01-05
CUST2780,C117,New,2026-05-19
CUST2781,C118,Returning,2026-06-03
CUST2782,C103,Returning,2026-01-07
CUST2783,C106,New,2026-01-30
CUST2784,C109,High-value,2026-04-04
CUST2785,C117,New,2026-05-12
CUST2786,C118,New,2026-05-31
CUST2787,C103,Returning,2026-01-07
CUST2788,C109,New,2026-04-05
CUST2789,C100,Returning,2026-06-24
CUST2790,C117,New,2026-05-13
CUST2791,C104,New,2026-05-28
CUST2792,C114,New,2026-04-06
CUST2793,C116,New,2026-04-12
CUST2794,C102,New,2026-01-04
CUST2795,C111,Returning,2026-05-13
CUST2796,C101,High-value,2026-05-16
CUST2797,C100,Returning,2026-07-01
CUST2798,C116,New,2026-04-14
CUST2799,C115,New,2026-02-26
CUST2800,C104,New,2026-05-30
CUST2801,C114,New,2026-04-09
CUST2802,C102,Returning,2026-01-06
CUST2803,C106,New,2026-02-03
CUST2804,C110,New,2026-02-19
CUST2805,C109,High-value,2026-04-02
CUST2806,C108,New,2026-01-16
CUST2807,C113,New,2026-03-09
CUST2808,C112,New,2026-07-01
CUST2809,C101,New,2026-05-11
CUST2810,C102,High-value,2026-01-08
CUST2811,C106,New,2026-02-04
CUST2812,C117,New,2026-05-20
CUST2813,C102,New,2026-01-02
CUST2814,C109,New,2026-04-08
CUST2815,C106,New,2026-02-02
CUST2816,C108,Returning,2026-01-19
CUST2817,C116,Returning,2026-04-12
CUST2818,C110,Returning,2026-02-19
CUST2819,C106,New,2026-02-03
CUST2820,C113,Returning,2026-03-09
CUST2821,C118,Returning,2026-06-03
CUST2822,C103,New,2026-01-05
CUST2823,C105,Returning,2026-04-18
CUST2824,C109,New,2026-04-02
CUST2825,C106,New,2026-02-01
CUST2826,C112,Returning,2026-07-03
CUST2827,C113,New,2026-03-07
CUST2828,C103,Returning,2026-01-06
CUST2829,C107,New,2026-05-25
CUST2830,C104,High-value,2026-05-23
CUST2831,C100,High-value,2026-06-26
CUST2832,C103,High-value,2026-01-14
CUST2833,C102,New,2026-01-01
CUST2834,C108,New,2026-01-21
CUST2835,C107,New,2026-05-17
CUST2836,C100,New,2026-07-02
CUST2837,C105,New,2026-04-13
CUST2838,C108,Returning,2026-01-19
CUST2839,C106,Returning,2026-02-02
CUST2840,C103,High-value,2026-01-07
CUST2841,C112,New,2026-07-06
CUST2842,C116,New,2026-04-13
CUST2843,C101,New,2026-05-13
CUST2844,C104,High-value,2026-05-26
CUST2845,C111,Returning,2026-05-10
CUST2846,C107,Returning,2026-05-20
CUST2847,C105,High-value,2026-04-17
CUST2848,C107,Returning,2026-05-19
CUST2849,C117,New,2026-05-20
CUST2850,C102,New,2026-01-10
CUST2851,C111,Returning,2026-05-12
CUST2852,C102,New,2026-01-07
CUST2853,C105,New,2026-04-22
CUST2854,C101,High-value,2026-05-12
CUST2855,C111,High-value,2026-05-10
CUST2856,C101,Returning,2026-05-17
CUST2857,C105,Returning,2026-04-17
CUST2858,C116,Returning,2026-04-14
CUST2859,C102,New,2026-01-03
CUST2860,C101,New,2026-05-14
CUST2861,C119,Returning,2026-05-23
CUST2862,C107,Returning,2026-05-22
CUST2863,C111,New,2026-05-07
CUST2864,C103,High-value,2026-01-05
CUST2865,C104,New,2026-05-23
CUST2866,C112,New,2026-06-30
CUST2867,C114,Returning,2026-04-14
CUST2868,C115,New,2026-02-28
CUST2869,C109,New,2026-04-06
CUST2870,C115,New,2026-02-24
CUST2871,C111,Returning,2026-05-04
CUST2872,C116,New,2026-04-13
CUST2873,C115,Returning,2026-02-24
CUST2874,C111,Returning,2026-05-06
CUST2875,C107,New,2026-05-25
CUST2876,C119,High-value,2026-06-01
CUST2877,C102,New,2026-01-04
CUST2878,C115,High-value,2026-02-24
CUST2879,C112,Returning,2026-07-06
CUST2880,C118,High-value,2026-06-01
CUST2881,C107,New,2026-05-21
CUST2882,C104,New,2026-05-25
CUST2883,C119,New,2026-05-31
CUST2884,C107,New,2026-05-21
CUST2885,C111,Returning,2026-05-12
CUST2886,C100,New,2026-07-02
CUST2887,C119,Returning,2026-05-24
CUST2888,C105,New,2026-04-21
CUST2889,C117,New,2026-05-14
CUST2890,C107,Returning,2026-05-20
CUST2891,C106,New,2026-01-27
CUST2892,C100,Returning,2026-06-24
CUST2893,C115,Returning,2026-02-21
CUST2894,C111,Returning,2026-05-12
CUST2895,C105,New,2026-04-20
CUST2896,C119,Returning,2026-05-27
CUST2897,C101,High-value,2026-05-15
CUST2898,C113,Returning,2026-03-12
CUST2899,C103,New,2026-01-07
CUST2900,C100,Returning,2026-06-26
CUST2901,C117,Returning,2026-05-18
CUST2902,C112,Returning,2026-07-06
CUST2903,C101,New,2026-05-16
CUST2904,C108,New,2026-01-16
CUST2905,C101,Returning,2026-05-11
CUST2906,C108,New,2026-01-16
CUST2907,C100,Returning,2026-06-24
CUST2908,C110,New,2026-02-20
CUST2909,C102,Returning,2026-01-10
CUST2910,C119,New,2026-05-31
CUST2911,C103,New,2026-01-14
CUST2912,C117,High-value,2026-05-19
CUST2913,C105,High-value,2026-04-19
CUST2914,C102,Returning,2026-01-03
CUST2915,C110,New,2026-02-18
CUST2916,C114,Returning,2026-04-07
CUST2917,C104,Returning,2026-05-23
CUST2918,C119,Returning,2026-06-01
CUST2919,C109,New,2026-04-02
CUST2920,C111,Returning,2026-05-10
CUST2921,C114,Returning,2026-04-06
CUST2922,C116,High-value,2026-04-13
CUST2923,C109,New,2026-04-06
CUST2924,C105,Returning,2026-04-16
CUST2925,C117,Returning,2026-05-16
CUST2926,C112,New,2026-07-07
CUST2927,C102,New,2026-01-01
CUST2928,C109,New,2026-04-03
CUST2929,C113,New,2026-03-04
CUST2930,C105,New,2026-04-13
CUST2931,C102,Returning,2026-01-10
CUST2932,C115,Returning,2026-02-21
CUST2933,C106,Returning,2026-02-02
CUST2934,C119,High-value,2026-05-29
CUST2935,C113,New,2026-03-07
CUST2936,C108,New,2026-01-16
CUST2937,C114,Returning,2026-04-08
CUST2938,C102,New,2026-01-08
CUST2939,C101,New,2026-05-18
CUST2940,C101,New,2026-05-16
CUST2941,C102,New,2026-01-10
CUST2942,C117,Returning,2026-05-20
CUST2943,C113,New,2026-03-12
CUST2944,C119,New,2026-05-26
CUST2945,C117,New,2026-05-12
CUST2946,C109,Returning,2026-03-31
CUST2947,C101,New,2026-05-20
CUST2948,C100,Returning,2026-06-28
CUST2949,C103,New,2026-01-06
CUST2950,C113,New,2026-03-09
CUST2951,C100,Returning,2026-06-30
CUST2952,C113,New,2026-03-04
CUST2953,C115,New,2026-02-26
CUST2954,C113,New,2026-03-11
CUST2955,C119,High-value,2026-05-27
CUST2956,C102,New,2026-01-07
CUST2957,C102,Returning,2026-01-10
CUST2958,C108,New,2026-01-20
CUST2959,C105,New,2026-04-16
CUST2960,C112,New,2026-07-04
CUST2961,C101,High-value,2026-05-20
CUST2962,C107,New,2026-05-25
CUST2963,C101,New,2026-05-20
CUST2964,C103,New,2026-01-14
CUST2965,C114,New,2026-04-12
CUST2966,C103,New,2026-01-09
CUST2967,C112,Returning,2026-07-04
CUST2968,C111,New,2026-05-06
CUST2969,C112,New,2026-06-29
CUST2970,C113,Returning,2026-03-08
CUST2971,C119,New,2026-05-26
CUST2972,C117,New,2026-05-16
CUST2973,C105,New,2026-04-20
CUST2974,C110,Returning,2026-02-14
CUST2975,C101,New,2026-05-19
CUST2976,C118,New,2026-06-06
CUST2977,C118,New,2026-06-09
CUST2978,C104,Returning,2026-05-28
CUST2979,C118,New,2026-06-07
CUST2980,C101,Returning,2026-05-16
CUST2981,C109,Returning,2026-04-07
CUST2982,C101,Returning,2026-05-13
CUST2983,C110,New,2026-02-20
CUST2984,C117,New,2026-05-21
CUST2985,C114,New,2026-04-06
CUST2986,C108,New,2026-01-20
CUST2987,C118,New,2026-05-31
CUST2988,C108,Returning,2026-01-23
CUST2989,C102,New,2026-01-02
CUST2990,C108,New,2026-01-16
CUST2991,C113,Returning,2026-03-10
CUST2992,C118,Returning,2026-06-01
CUST2993,C106,New,2026-02-05
CUST2994,C115,Returning,2026-02-28
CUST2995,C115,New,2026-02-26
CUST2996,C100,Returning,2026-06-30
CUST2997,C103,Returning,2026-01-11
CUST2998,C103,Returning,2026-01-10
CUST2999,C106,Returning,2026-02-05
CUST3000,C107,New,2026-05-25
CUST3001,C116,New,2026-04-14
CUST3002,C104,Returning,2026-05-28
CUST3003,C106,New,2026-02-04
CUST3004,C119,High-value,2026-06-01
CUST3005,C119,New,2026-05-25
CUST3006,C103,New,2026-01-07
CUST3007,C105,New,2026-04-13
CUST3008,C106,New,2026-01-31
CUST3009,C117,Returning,2026-05-15
CUST3010,C104,Returning,2026-05-23
CUST3011,C119,Returning,2026-05-31
CUST3012,C102,Returning,2026-01-03
CUST3013,C106,High-value,2026-02-03
CUST3014,C113,Returning,2026-03-09
CUST3015,C106,New,2026-01-31
CUST3016,C104,Returning,2026-05-22
CUST3017,C104,New,2026-05-25
CUST3018,C101,New,2026-05-13
CUST3019,C105,Returning,2026-04-13
CUST3020,C114,New,2026-04-10
CUST3021,C109,New,2026-04-05
CUST3022,C106,New,2026-01-28
CUST3023,C104,New,2026-05-24
CUST3024,C100,High-value,2026-06-29
CUST3025,C112,New,2026-07-01
CUST3026,C117,New,2026-05-20
CUST3027,C112,New,2026-07-02
CUST3028,C117,New,2026-05-15
CUST3029,C104,High-value,2026-05-23
CUST3030,C112,New,2026-07-03
CUST3031,C103,Returning,2026-01-14
CUST3032,C116,Returning,2026-04-07
CUST3033,C102,High-value,2026-01-07
CUST3034,C116,Returning,2026-04-08
CUST3035,C110,Returning,2026-02-19
CUST3036,C119,New,2026-05-27
CUST3037,C103,New,2026-01-12
CUST3038,C101,New,2026-05-16
CUST3039,C119,High-value,2026-06-01
CUST3040,C115,New,2026-02-28
CUST3041,C117,New,2026-05-14
CUST3042,C107,New,2026-05-19
CUST3043,C102,New,2026-01-05
CUST3044,C108,New,2026-01-24
CUST3045,C119,High-value,2026-05-25
CUST3046,C105,New,2026-04-20
CUST3047,C109,Returning,2026-04-09
CUST3048,C109,Returning,2026-04-07
CUST3049,C112,New,2026-06-29
CUST3050,C116,New,2026-04-09
CUST3051,C108,New,2026-01-24
CUST3052,C116,New,2026-04-06
CUST3053,C108,Returning,2026-01-18
CUST3054,C108,New,2026-01-18
CUST3055,C100,New,2026-07-03
CUST3056,C101,Returning,2026-05-19
CUST3057,C115,High-value,2026-02-23
CUST3058,C100,Returning,2026-06-25
CUST3059,C109,Returning,2026-04-08
CUST3060,C117,Returning,2026-05-20
CUST3061,C107,New,2026-05-17
CUST3062,C110,Returning,2026-02-16
CUST3063,C101,New,2026-05-20
CUST3064,C107,Returning,2026-05-24
CUST3065,C107,Returning,2026-05-19
CUST3066,C116,New,2026-04-14
CUST3067,C114,Returning,2026-04-07
CUST3068,C116,High-value,2026-04-11
CUST3069,C112,New,2026-06-28
CUST3070,C118,Returning,2026-06-06
CUST3071,C104,New,2026-05-24
CUST3072,C111,Returning,2026-05-10
CUST3073,C100,New,2026-06-27
CUST3074,C104,Returning,2026-05-30
CUST3075,C107,High-value,2026-05-21
CUST3076,C112,High-value,2026-06-30
CUST3077,C107,Returning,2026-05-24
CUST3078,C110,New,2026-02-16
CUST3079,C100,High-value,2026-06-25
CUST3080,C112,New,2026-06-30
CUST3081,C118,High-value,2026-06-07
CUST3082,C102,New,2026-01-10
CUST3083,C116,New,2026-04-12
CUST3084,C104,Returning,2026-05-31
CUST3085,C119,New,2026-05-28
CUST3086,C107,New,2026-05-17
CUST3087,C113,New,2026-03-12
CUST3088,C103,New,2026-01-07
CUST3089,C110,New,2026-02-15
CUST3090,C119,New,2026-05-29
CUST3091,C114,New,2026-04-12
CUST3092,C118,New,2026-06-02
CUST3093,C106,Returning,2026-01-30
CUST3094,C118,New,2026-06-09
CUST3095,C118,High-value,2026-06-06
CUST3096,C110,High-value,2026-02-18
CUST3097,C104,New,2026-05-23
CUST3098,C104,Returning,2026-05-30
CUST3099,C107,Returning,2026-05-23
CUST3100,C109,High-value,2026-04-07
CUST3101,C105,Returning,2026-04-18
CUST3102,C114,New,2026-04-11
CUST3103,C115,Returning,2026-03-01
CUST3104,C116,Returning,2026-04-09
CUST3105,C107,Returning,2026-05-21
CUST3106,C107,New,2026-05-25
CUST3107,C108,High-value,2026-01-15
CUST3108,C101,High-value,2026-05-14
CUST3109,C114,New,2026-04-12
CUST3110,C117,New,2026-05-20
CUST3111,C102,New,2026-01-10
CUST3112,C116,Returning,2026-04-11
CUST3113,C103,Returning,2026-01-12
CUST3114,C103,Returning,2026-01-13
CUST3115,C113,New,2026-03-13
CUST3116,C108,Returning,2026-01-18
CUST3117,C108,New,2026-01-15
CUST3118,C117,New,2026-05-19
CUST3119,C109,Returning,2026-04-01
CUST3120,C103,High-value,2026-01-05
CUST3121,C111,High-value,2026-05-10
CUST3122,C107,High-value,2026-05-26
CUST3123,C101,New,2026-05-19
CUST3124,C112,New,2026-07-06
CUST3125,C115,Returning,2026-02-23
CUST3126,C101,High-value,2026-05-16
CUST3127,C110,New,2026-02-17
CUST3128,C109,New,2026-04-09
CUST3129,C114,New,2026-04-14
CUST3130,C116,Returning,2026-04-07
CUST3131,C107,New,2026-05-24
CUST3132,C117,New,2026-05-18
CUST3133,C108,New,2026-01-18
CUST3134,C107,New,2026-05-18
CUST3135,C113,High-value,2026-03-11
CUST3136,C117,New,2026-05-16
CUST3137,C119,Returning,2026-05-28
CUST3138,C119,Returning,2026-05-29
CUST3139,C111,High-value,2026-05-13
CUST3140,C118,New,2026-05-31
CUST3141,C113,High-value,2026-03-11
CUST3142,C116,Returning,2026-04-09
CUST3143,C102,High-value,2026-01-09
CUST3144,C106,High-value,2026-01-27
CUST3145,C116,New,2026-04-07
CUST3146,C111,New,2026-05-09
CUST3147,C108,New,2026-01-24
CUST3148,C114,Returning,2026-04-06
CUST3149,C117,New,2026-05-15
CUST3150,C112,New,2026-07-05
CUST3151,C107,New,2026-05-26
CUST3152,C113,New,2026-03-08
CUST3153,C107,New,2026-05-25
CUST3154,C113,New,2026-03-09
CUST3155,C106,New,2026-01-27
CUST3156,C111,New,2026-05-09
CUST3157,C110,New,2026-02-16
CUST3158,C110,New,2026-02-16
CUST3159,C112,High-value,2026-07-05
CUST3160,C117,Returning,2026-05-17
CUST3161,C101,New,2026-05-15
CUST3162,C114,New,2026-04-07
CUST3163,C119,Returning,2026-05-26
CUST3164,C117,High-value,2026-05-21
CUST3165,C114,High-value,2026-04-10
CUST3166,C118,Returning,2026-06-09
CUST3167,C111,New,2026-05-07
CUST3168,C112,New,2026-06-29
CUST3169,C110,New,2026-02-17
CUST3170,C104,High-value,2026-05-31
CUST3171,C100,Returning,2026-07-03
CUST3172,C102,Returning,2026-01-02
CUST3173,C118,New,2026-05-31
CUST3174,C106,Returning,2026-01-31
CUST3175,C111,New,2026-05-04
CUST3176,C114,New,2026-04-06
CUST3177,C104,New,2026-05-22
CUST3178,C114,Returning,2026-04-11
CUST3179,C107,New,2026-05-25
CUST3180,C109,High-value,2026-04-09
CUST3181,C115,New,2026-02-21
CUST3182,C107,Returning,2026-05-21
CUST3183,C100,Returning,2026-07-02
CUST3184,C111,New,2026-05-12
CUST3185,C104,Returning,2026-05-22
CUST3186,C102,Returning,2026-01-08
CUST3187,C100,Returning,2026-06-24
CUST3188,C103,High-value,2026-01-12
CUST3189,C107,Returning,2026-05-17
CUST3190,C102,New,2026-01-05
CUST3191,C109,Returning,2026-04-07
CUST3192,C101,New,2026-05-16
CUST3193,C110,New,2026-02-19
CUST3194,C109,New,2026-03-31
CUST3195,C113,Returning,2026-03-12
CUST3196,C106,Returning,2026-01-27
CUST3197,C101,New,2026-05-20
CUST3198,C108,Returning,2026-01-24
CUST3199,C115,High-value,2026-02-23
CUST3200,C112,New,2026-06-28
CUST3201,C108,New,2026-01-17
CUST3202,C119,Returning,2026-05-24
CUST3203,C103,New,2026-01-06
CUST3204,C109,Returning,2026-04-08
CUST3205,C111,New,2026-05-11
CUST3206,C116,New,2026-04-06
CUST3207,C113,Returning,2026-03-07
CUST3208,C113,Returning,2026-03-04
CUST3209,C101,Returning,2026-05-11
CUST3210,C119,High-value,2026-05-26
CUST3211,C110,Returning,2026-02-12
CUST3212,C115,Returning,2026-02-23
CUST3213,C118,New,2026-06-08
CUST3214,C105,Returning,2026-04-14
CUST3215,C118,New,2026-06-03
CUST3216,C104,Returning,2026-05-22
CUST3217,C103,New,2026-01-06
CUST3218,C114,Returning,2026-04-10
CUST3219,C103,New,2026-01-14
CUST3220,C119,Returning,2026-05-23
CUST3221,C109,High-value,2026-04-06
CUST3222,C102,New,2026-01-04
CUST3223,C104,High-value,2026-05-27
CUST3224,C105,New,2026-04-20
CUST3225,C107,Returning,2026-05-22
CUST3226,C106,High-value,2026-01-28
CUST3227,C109,New,2026-03-31
CUST3228,C105,High-value,2026-04-20
CUST3229,C113,New,2026-03-11
CUST3230,C103,New,2026-01-13
CUST3231,C112,High-value,2026-07-03
CUST3232,C119,New,2026-05-23
CUST3233,C116,High-value,2026-04-14
CUST3234,C106,High-value,2026-01-29
CUST3235,C103,New,2026-01-10
CUST3236,C113,Returning,2026-03-13
CUST3237,C102,New,2026-01-10
CUST3238,C104,New,2026-05-30
CUST3239,C115,New,2026-02-23
CUST3240,C119,New,2026-05-27
CUST3241,C103,New,2026-01-09
CUST3242,C101,New,2026-05-20
CUST3243,C117,High-value,2026-05-18
CUST3244,C118,Returning,2026-06-03
CUST3245,C118,Returning,2026-06-03
CUST3246,C116,Returning,2026-04-12
CUST3247,C113,Returning,2026-03-12
CUST3248,C118,New,2026-06-03
CUST3249,C112,Returning,2026-07-01
CUST3250,C111,High-value,2026-05-09
CUST3251,C105,New,2026-04-18
CUST3252,C103,Returning,2026-01-11
CUST3253,C118,Returning,2026-05-31
CUST3254,C115,High-value,2026-02-23
CUST3255,C112,Returning,2026-07-06
CUST3256,C103,New,2026-01-10
CUST3257,C116,New,2026-04-11
CUST3258,C100,New,2026-06-28
CUST3259,C117,Returning,2026-05-14
CUST3260,C119,New,2026-05-27
CUST3261,C116,High-value,2026-04-06
CUST3262,C114,New,2026-04-08
CUST3263,C110,New,2026-02-14
CUST3264,C112,New,2026-07-02
CUST3265,C100,Returning,2026-07-03
CUST3266,C116,New,2026-04-14
CUST3267,C105,New,2026-04-16
CUST3268,C103,New,2026-01-07
CUST3269,C119,New,2026-06-01
CUST3270,C115,New,2026-02-21
CUST3271,C114,Returning,2026-04-15
CUST3272,C114,Returning,2026-04-11
CUST3273,C105,New,2026-04-19
CUST3274,C114,Returning,2026-04-15
CUST3275,C113,High-value,2026-03-11
CUST3276,C110,Returning,2026-02-11
CUST3277,C106,Returning,2026-01-30
CUST3278,C108,High-value,2026-01-19
CUST3279,C115,High-value,2026-02-22
CUST3280,C104,Returning,2026-05-22
CUST3281,C119,New,2026-05-30
CUST3282,C109,Returning,2026-04-05
CUST3283,C117,Returning,2026-05-16
CUST3284,C102,New,2026-01-09
CUST3285,C112,New,2026-06-29
CUST3286,C110,Returning,2026-02-20
CUST3287,C116,Returning,2026-04-13
CUST3288,C112,New,2026-07-07
CUST3289,C105,Returning,2026-04-21
CUST3290,C116,New,2026-04-06
CUST3291,C112,New,2026-07-04
CUST3292,C118,Returning,2026-06-07
CUST3293,C118,New,2026-06-02
CUST3294,C109,New,2026-04-03
CUST3295,C102,High-value,2026-01-03
CUST3296,C113,New,2026-03-10
CUST3297,C118,New,2026-06-08
CUST3298,C104,High-value,2026-05-24
CUST3299,C104,Returning,2026-05-27
CUST3300,C119,Returning,2026-05-30
CUST3301,C116,High-value,2026-04-11
CUST3302,C109,New,2026-04-01
CUST3303,C104,Returning,2026-05-28
CUST3304,C103,Returning,2026-01-06
CUST3305,C105,Returning,2026-04-14
CUST3306,C103,Returning,2026-01-06
CUST3307,C106,Returning,2026-01-27
CUST3308,C106,New,2026-01-27
CUST3309,C117,New,2026-05-18
CUST3310,C102,Returning,2026-01-05
CUST3311,C100,Returning,2026-06-26
CUST3312,C103,Returning,2026-01-05
CUST3313,C105,New,2026-04-22
CUST3314,C108,Returning,2026-01-20
CUST3315,C113,Returning,2026-03-04
CUST3316,C111,Returning,2026-05-12
CUST3317,C119,Returning,2026-05-24
CUST3318,C103,High-value,2026-01-05
CUST3319,C111,Returning,2026-05-10
CUST3320,C109,Returning,2026-04-05
CUST3321,C106,Returning,2026-02-01
CUST3322,C102,High-value,2026-01-05
CUST3323,C113,Returning,2026-03-07
CUST3324,C109,Returning,2026-04-03
CUST3325,C115,Returning,2026-02-23
CUST3326,C115,Returning,2026-03-02
CUST3327,C109,New,2026-04-07
CUST3328,C112,New,2026-07-04
CUST3329,C105,High-value,2026-04-21
CUST3330,C111,Returning,2026-05-04
CUST3331,C108,Returning,2026-01-21
CUST3332,C112,High-value,2026-07-07
CUST3333,C103,Returning,2026-01-08
CUST3334,C110,Returning,2026-02-17
CUST3335,C119,Returning,2026-05-23
CUST3336,C117,Returning,2026-05-16
CUST3337,C110,New,2026-02-13
CUST3338,C103,New,2026-01-09
CUST3339,C117,New,2026-05-15
CUST3340,C100,New,2026-06-25
CUST3341,C106,Returning,2026-01-30
CUST3342,C105,New,2026-04-15
CUST3343,C114,New,2026-04-06
CUST3344,C117,New,2026-05-21
CUST3345,C110,New,2026-02-18
CUST3346,C119,Returning,2026-05-27
CUST3347,C114,High-value,2026-04-09
CUST3348,C115,Returning,2026-03-02
CUST3349,C106,New,2026-01-31
CUST3350,C109,New,2026-04-03
CUST3351,C111,New,2026-05-06
CUST3352,C113,Returning,2026-03-08
CUST3353,C104,New,2026-05-25
CUST3354,C117,Returning,2026-05-12
CUST3355,C104,New,2026-05-24
CUST3356,C102,Returning,2026-01-10
CUST3357,C104,New,2026-05-31
CUST3358,C116,New,2026-04-13
CUST3359,C118,Returning,2026-06-06
CUST3360,C118,New,2026-06-01
CUST3361,C111,New,2026-05-04
CUST3362,C108,Returning,2026-01-17
CUST3363,C100,Returning,2026-06-28
CUST3364,C117,Returning,2026-05-21
CUST3365,C103,New,2026-01-05
CUST3366,C109,New,2026-04-02
CUST3367,C106,New,2026-01-29
CUST3368,C100,New,2026-06-28
CUST3369,C116,High-value,2026-04-08
CUST3370,C101,Returning,2026-05-19
CUST3371,C110,New,2026-02-11
CUST3372,C108,Returning,2026-01-18
CUST3373,C106,New,2026-02-05
CUST3374,C116,High-value,2026-04-15
CUST3375,C116,New,2026-04-09
CUST3376,C101,New,2026-05-11
CUST3377,C105,Returning,2026-04-14
CUST3378,C113,Returning,2026-03-04
CUST3379,C105,Returning,2026-04-18
CUST3380,C101,New,2026-05-13
CUST3381,C100,New,2026-06-30
CUST3382,C109,New,2026-04-04
CUST3383,C104,New,2026-05-30
CUST3384,C101,High-value,2026-05-17
CUST3385,C115,New,2026-02-24
CUST3386,C101,New,2026-05-15
CUST3387,C109,Returning,2026-04-04
CUST3388,C101,New,2026-05-15
CUST3389,C115,Returning,2026-03-02
CUST3390,C115,Returning,2026-03-01
CUST3391,C118,New,2026-06-09
CUST3392,C106,High-value,2026-01-29
CUST3393,C111,Returning,2026-05-09
CUST3394,C114,New,2026-04-13
CUST3395,C107,New,2026-05-25
CUST3396,C105,New,2026-04-19
CUST3397,C109,Returning,2026-04-02
CUST3398,C102,Returning,2026-01-01
CUST3399,C118,Returning,2026-06-03
CUST3400,C116,High-value,2026-04-11
CUST3401,C106,Returning,2026-01-29
CUST3402,C119,Returning,2026-05-23
CUST3403,C103,New,2026-01-10
CUST3404,C113,Returning,2026-03-04
CUST3405,C119,New,2026-05-31
CUST3406,C114,Returning,2026-04-06
CUST3407,C107,New,2026-05-22
CUST3408,C114,New,2026-04-06
CUST3409,C119,New,2026-05-29
CUST3410,C113,New,2026-03-06
CUST3411,C108,Returning,2026-01-20
CUST3412,C107,New,2026-05-23
CUST3413,C116,Returning,2026-04-06
CUST3414,C101,New,2026-05-11
CUST3415,C102,Returning,2026-01-05
CUST3416,C107,New,2026-05-22
CUST3417,C111,New,2026-05-12
CUST3418,C100,Returning,2026-06-24
CUST3419,C109,New,2026-04-03
CUST3420,C119,New,2026-06-01
CUST3421,C102,New,2026-01-08
CUST3422,C105,New,2026-04-22
CUST3423,C106,Returning,2026-02-04
CUST3424,C119,New,2026-05-25
CUST3425,C117,Returning,2026-05-13
CUST3426,C110,Returning,2026-02-14
CUST3427,C118,New,2026-06-01
CUST3428,C104,High-value,2026-05-22
CUST3429,C118,Returning,2026-06-02
CUST3430,C110,Returning,2026-02-17
CUST3431,C111,Returning,2026-05-04
CUST3432,C109,Returning,2026-04-01
CUST3433,C107,Returning,2026-05-17
CUST3434,C108,New,2026-01-22
CUST3435,C103,New,2026-01-09
CUST3436,C104,New,2026-05-29
CUST3437,C107,New,2026-05-19
CUST3438,C108,New,2026-01-21
CUST3439,C114,New,2026-04-13
CUST3440,C114,New,2026-04-11
CUST3441,C115,Returning,2026-02-27
CUST3442,C113,High-value,2026-03-05
CUST3443,C107,High-value,2026-05-24
CUST3444,C117,New,2026-05-16
CUST3445,C109,Returning,2026-04-06
CUST3446,C119,High-value,2026-05-23
CUST3447,C105,New,2026-04-17
CUST3448,C111,New,2026-05-04
CUST3449,C101,High-value,2026-05-18
CUST3450,C106,Returning,2026-01-30
CUST3451,C115,New,2026-02-24
CUST3452,C102,New,2026-01-02
CUST3453,C112,New,2026-07-02
CUST3454,C102,Returning,2026-01-01
CUST3455,C117,Returning,2026-05-20
CUST3456,C110,New,2026-02-15
CUST3457,C107,New,2026-05-22
CUST3458,C105,Returning,2026-04-14
CUST3459,C100,Returning,2026-07-03
CUST3460,C100,New,2026-07-03
CUST3461,C107,High-value,2026-05-17
CUST3462,C104,New,2026-05-25
CUST3463,C115,New,2026-02-27
CUST3464,C110,Returning,2026-02-16
CUST3465,C104,New,2026-05-31
CUST3466,C103,Returning,2026-01-05
CUST3467,C105,Returning,2026-04-13
CUST3468,C113,Returning,2026-03-11
CUST3469,C118,New,2026-06-03
CUST3470,C108,New,2026-01-19
CUST3471,C111,New,2026-05-10
CUST3472,C110,Returning,2026-02-18
CUST3473,C113,Returning,2026-03-13
CUST3474,C115,Returning,2026-02-27
CUST3475,C100,Returning,2026-06-25
CUST3476,C112,High-value,2026-07-01
CUST3477,C112,Returning,2026-07-07
CUST3478,C101,New,2026-05-11
CUST3479,C103,New,2026-01-14
CUST3480,C105,Returning,2026-04-21
CUST3481,C104,New,2026-05-24
CUST3482,C102,New,2026-01-03
CUST3483,C100,Returning,2026-07-03
CUST3484,C103,Returning,2026-01-13
CUST3485,C119,New,2026-06-01
CUST3486,C101,Returning,2026-05-13
CUST3487,C104,Returning,2026-05-29
CUST3488,C102,New,2026-01-02
CUST3489,C108,New,2026-01-17
CUST3490,C119,New,2026-05-24
CUST3491,C105,Returning,2026-04-13
CUST3492,C117,Returning,2026-05-13
CUST3493,C105,High-value,2026-04-20
CUST3494,C118,Returning,2026-06-08
CUST3495,C111,New,2026-05-05
CUST3496,C110,New,2026-02-17
CUST3497,C101,Returning,2026-05-15
CUST3498,C114,New,2026-04-08
CUST3499,C111,New,2026-05-12
CUST3500,C111,New,2026-05-09
CUST3501,C108,New,2026-01-15
CUST3502,C101,New,2026-05-15
CUST3503,C102,New,2026-01-07
CUST3504,C111,New,2026-05-07
CUST3505,C115,New,2026-02-28
CUST3506,C100,Returning,2026-07-03
CUST3507,C102,Returning,2026-01-05
CUST3508,C119,New,2026-05-31
CUST3509,C101,Returning,2026-05-19
CUST3510,C108,New,2026-01-23
CUST3511,C118,Returning,2026-05-31
CUST3512,C114,High-value,2026-04-07
CUST3513,C117,Returning,2026-05-14
CUST3514,C110,Returning,2026-02-14
CUST3515,C115,New,2026-03-02
CUST3516,C116,New,2026-04-14
CUST3517,C104,High-value,2026-05-31
CUST3518,C111,New,2026-05-09
CUST3519,C110,New,2026-02-11
CUST3520,C114,Returning,2026-04-14
CUST3521,C102,Returning,2026-01-06
CUST3522,C100,High-value,2026-06-27
CUST3523,C119,New,2026-05-26
CUST3524,C115,High-value,2026-02-23
CUST3525,C101,New,2026-05-17
CUST3526,C101,New,2026-05-13
CUST3527,C102,Returning,2026-01-02
CUST3528,C107,New,2026-05-26
CUST3529,C114,New,2026-04-13
CUST3530,C106,Returning,2026-01-30
CUST3531,C105,New,2026-04-20
CUST3532,C108,New,2026-01-15
CUST3533,C119,New,2026-05-27
CUST3534,C100,New,2026-07-02
CUST3535,C107,New,2026-05-17
CUST3536,C102,Returning,2026-01-04
CUST3537,C103,Returning,2026-01-10
CUST3538,C114,New,2026-04-15
CUST3539,C105,Returning,2026-04-20
CUST3540,C114,New,2026-04-08
CUST3541,C102,New,2026-01-05
CUST3542,C113,Returning,2026-03-10
CUST3543,C119,New,2026-05-23
CUST3544,C113,High-value,2026-03-10
CUST3545,C103,New,2026-01-12
CUST3546,C111,Returning,2026-05-11
CUST3547,C116,New,2026-04-14
CUST3548,C106,New,2026-02-01
CUST3549,C108,New,2026-01-20
CUST3550,C102,Returning,2026-01-02
CUST3551,C112,Returning,2026-06-30
CUST3552,C114,High-value,2026-04-09
CUST3553,C117,New,2026-05-15
CUST3554,C118,New,2026-06-07
CUST3555,C100,New,2026-06-24
CUST3556,C105,Returning,2026-04-22
CUST3557,C101,High-value,2026-05-14
CUST3558,C113,New,2026-03-07
CUST3559,C105,Returning,2026-04-13
CUST3560,C113,New,2026-03-06
CUST3561,C103,Returning,2026-01-09
CUST3562,C107,High-value,2026-05-22
CUST3563,C102,New,2026-01-09
CUST3564,C118,New,2026-06-08
CUST3565,C113,High-value,2026-03-12
CUST3566,C119,High-value,2026-05-23
CUST3567,C116,Returning,2026-04-14
CUST3568,C107,Returning,2026-05-24
CUST3569,C113,New,2026-03-05
CUST3570,C105,Returning,2026-04-13
CUST3571,C115,Returning,2026-02-21
CUST3572,C118,Returning,2026-06-05
CUST3573,C113,New,2026-03-12
CUST3574,C118,New,2026-06-06
CUST3575,C102,New,2026-01-05
CUST3576,C109,New,2026-04-01
CUST3577,C118,New,2026-05-31
CUST3578,C108,New,2026-01-16
CUST3579,C119,New,2026-05-23
CUST3580,C112,New,2026-06-30
CUST3581,C106,Returning,2026-02-01
CUST3582,C113,New,2026-03-11
CUST3583,C108,New,2026-01-17
CUST3584,C118,New,2026-06-09
CUST3585,C114,New,2026-04-14
CUST3586,C119,Returning,2026-06-01
CUST3587,C113,New,2026-03-08
CUST3588,C105,Returning,2026-04-19
CUST3589,C103,High-value,2026-01-12
CUST3590,C107,Returning,2026-05-19
CUST3591,C116,Returning,2026-04-07
CUST3592,C108,High-value,2026-01-16
CUST3593,C100,Returning,2026-06-28
CUST3594,C119,New,2026-05-23
CUST3595,C113,New,2026-03-05
CUST3596,C110,High-value,2026-02-19
CUST3597,C102,New,2026-01-07
CUST3598,C108,New,2026-01-20
CUST3599,C113,Returning,2026-03-12
CUST3600,C108,Returning,2026-01-21
CUST3601,C103,New,2026-01-09
CUST3602,C103,Returning,2026-01-13
CUST3603,C107,New,2026-05-22
CUST3604,C101,Returning,2026-05-16
CUST3605,C108,New,2026-01-18
CUST3606,C113,New,2026-03-04
CUST3607,C108,Returning,2026-01-19
CUST3608,C115,New,2026-03-01
CUST3609,C116,Returning,2026-04-13
CUST3610,C115,New,2026-02-28
CUST3611,C111,New,2026-05-08
CUST3612,C102,Returning,2026-01-09
CUST3613,C110,New,2026-02-13
CUST3614,C113,New,2026-03-06
CUST3615,C117,New,2026-05-12
CUST3616,C104,Returning,2026-05-30
CUST3617,C115,High-value,2026-02-26
CUST3618,C119,High-value,2026-05-24
CUST3619,C104,New,2026-05-29
CUST3620,C102,New,2026-01-09
CUST3621,C111,New,2026-05-12
CUST3622,C100,Returning,2026-06-25
CUST3623,C108,New,2026-01-16
CUST3624,C108,High-value,2026-01-21
CUST3625,C103,New,2026-01-08
CUST3626,C102,High-value,2026-01-01
CUST3627,C116,Returning,2026-04-13
CUST3628,C101,Returning,2026-05-12
CUST3629,C100,New,2026-06-26
CUST3630,C107,New,2026-05-21
CUST3631,C112,New,2026-06-30
CUST3632,C114,New,2026-04-12
CUST3633,C107,New,2026-05-23
CUST3634,C111,Returning,2026-05-05
CUST3635,C111,New,2026-05-10
CUST3636,C113,Returning,2026-03-09
CUST3637,C114,Returning,2026-04-15
CUST3638,C114,New,2026-04-14
CUST3639,C108,High-value,2026-01-23
CUST3640,C118,New,2026-06-01
CUST3641,C119,New,2026-05-29
CUST3642,C107,New,2026-05-21
CUST3643,C118,Returning,2026-06-05
CUST3644,C105,New,2026-04-13
CUST3645,C119,New,2026-05-29
CUST3646,C118,Returning,2026-06-05
CUST3647,C103,New,2026-01-08
CUST3648,C106,Returning,2026-01-27
CUST3649,C103,High-value,2026-01-13
CUST3650,C111,High-value,2026-05-07
CUST3651,C112,New,2026-06-29
CUST3652,C102,New,2026-01-08
CUST3653,C111,New,2026-05-05
CUST3654,C101,New,2026-05-15
CUST3655,C101,New,2026-05-16
CUST3656,C108,New,2026-01-22
CUST3657,C100,High-value,2026-06-24
CUST3658,C107,High-value,2026-05-17
CUST3659,C105,New,2026-04-16
CUST3660,C105,New,2026-04-17
CUST3661,C117,New,2026-05-20
CUST3662,C116,New,2026-04-12
CUST3663,C111,Returning,2026-05-10
CUST3664,C105,Returning,2026-04-20
CUST3665,C107,High-value,2026-05-21
CUST3666,C118,Returning,2026-06-04
CUST3667,C109,Returning,2026-03-31
CUST3668,C100,Returning,2026-07-02
CUST3669,C112,New,2026-07-03
CUST3670,C116,Returning,2026-04-14
CUST3671,C102,New,2026-01-03
CUST3672,C107,New,2026-05-21
CUST3673,C113,New,2026-03-05
CUST3674,C102,New,2026-01-10
CUST3675,C115,High-value,2026-02-25
CUST3676,C112,New,2026-07-05
CUST3677,C119,New,2026-05-24
CUST3678,C116,New,2026-04-13
CUST3679,C112,Returning,2026-07-01
CUST3680,C105,New,2026-04-22
CUST3681,C116,High-value,2026-04-15
CUST3682,C113,High-value,2026-03-04
CUST3683,C116,Returning,2026-04-10
CUST3684,C107,Returning,2026-05-17
CUST3685,C110,New,2026-02-17
CUST3686,C119,New,2026-05-30
CUST3687,C100,Returning,2026-06-26
CUST3688,C106,New,2026-01-29
CUST3689,C116,New,2026-04-12
CUST3690,C109,Returning,2026-04-03
CUST3691,C110,New,2026-02-13
CUST3692,C108,High-value,2026-01-22
CUST3693,C108,New,2026-01-17
CUST3694,C104,Returning,2026-05-28
CUST3695,C116,Returning,2026-04-07
CUST3696,C108,Returning,2026-01-15
CUST3697,C116,New,2026-04-11
CUST3698,C118,Returning,2026-06-07
CUST3699,C106,High-value,2026-01-27
CUST3700,C108,New,2026-01-24
CUST3701,C106,New,2026-02-04
CUST3702,C112,Returning,2026-06-30
CUST3703,C110,Returning,2026-02-13
CUST3704,C113,New,2026-03-07
CUST3705,C118,High-value,2026-05-31
CUST3706,C110,New,2026-02-19
CUST3707,C112,New,2026-06-30
CUST3708,C113,Returning,2026-03-13
CUST3709,C112,Returning,2026-07-01
CUST3710,C100,High-value,2026-06-24
CUST3711,C107,High-value,2026-05-20
CUST3712,C111,New,2026-05-04
CUST3713,C118,New,2026-06-04
CUST3714,C111,New,2026-05-08
CUST3715,C107,Returning,2026-05-23
CUST3716,C107,High-value,2026-05-24
CUST3717,C112,New,2026-07-01
CUST3718,C111,New,2026-05-10
CUST3719,C115,New,2026-02-24
CUST3720,C100,Returning,2026-06-26
CUST3721,C112,New,2026-07-03
CUST3722,C106,New,2026-01-30
CUST3723,C104,Returning,2026-05-24
CUST3724,C107,Returning,2026-05-25
CUST3725,C113,Returning,2026-03-08
CUST3726,C112,Returning,2026-07-04
CUST3727,C114,New,2026-04-11
CUST3728,C116,Returning,2026-04-15
CUST3729,C114,Returning,2026-04-10
CUST3730,C119,High-value,2026-05-29
CUST3731,C117,New,2026-05-17
CUST3732,C117,New,2026-05-21
CUST3733,C101,New,2026-05-12
CUST3734,C103,New,2026-01-07
CUST3735,C100,Returning,2026-06-25
CUST3736,C103,New,2026-01-07
CUST3737,C117,New,2026-05-12
CUST3738,C104,New,2026-05-29
CUST3739,C118,New,2026-06-05
CUST3740,C114,New,2026-04-07
CUST3741,C107,New,2026-05-24
CUST3742,C119,New,2026-05-28
CUST3743,C116,Returning,2026-04-12
CUST3744,C100,Returning,2026-06-24
CUST3745,C111,New,2026-05-10
CUST3746,C118,High-value,2026-06-02
CUST3747,C114,Returning,2026-04-13
CUST3748,C108,Returning,2026-01-20
CUST3749,C106,New,2026-01-30
CUST3750,C101,New,2026-05-18
CUST3751,C108,New,2026-01-23
CUST3752,C109,New,2026-04-09
CUST3753,C101,New,2026-05-12
CUST3754,C118,High-value,2026-06-05
CUST3755,C110,New,2026-02-15
CUST3756,C112,New,2026-07-02
CUST3757,C109,Returning,2026-04-09
CUST3758,C113,New,2026-03-06
CUST3759,C117,Returning,2026-05-19
CUST3760,C118,Returning,2026-06-07
CUST3761,C108,Returning,2026-01-19
CUST3762,C106,High-value,2026-02-03
CUST3763,C102,New,2026-01-10
CUST3764,C119,Returning,2026-05-30
CUST3765,C105,High-value,2026-04-15
CUST3766,C101,Returning,2026-05-12
CUST3767,C105,New,2026-04-21
CUST3768,C102,High-value,2026-01-02
CUST3769,C115,New,2026-03-01
CUST3770,C107,High-value,2026-05-20
CUST3771,C101,New,2026-05-12
CUST3772,C116,Returning,2026-04-15
CUST3773,C108,High-value,2026-01-15
CUST3774,C111,New,2026-05-07
CUST3775,C102,New,2026-01-09
CUST3776,C110,New,2026-02-19
CUST3777,C100,High-value,2026-06-27
CUST3778,C112,Returning,2026-07-06
CUST3779,C114,Returning,2026-04-11
CUST3780,C104,Returning,2026-05-22
CUST3781,C116,Returning,2026-04-15
CUST3782,C105,New,2026-04-18
CUST3783,C110,New,2026-02-19
CUST3784,C117,Returning,2026-05-13
CUST3785,C103,New,2026-01-10
CUST3786,C102,New,2026-01-02
CUST3787,C112,New,2026-07-01
CUST3788,C108,New,2026-01-22
CUST3789,C105,High-value,2026-04-19
CUST3790,C111,New,2026-05-12
CUST3791,C101,Returning,2026-05-17
CUST3792,C102,New,2026-01-01
CUST3793,C102,New,2026-01-02
CUST3794,C111,New,2026-05-09
CUST3795,C114,Returning,2026-04-12
CUST3796,C108,Returning,2026-01-17
CUST3797,C107,High-value,2026-05-25
CUST3798,C110,Returning,2026-02-17
CUST3799,C115,Returning,2026-02-26
CUST3800,C103,Returning,2026-01-10
CUST3801,C100,High-value,2026-06-24
CUST3802,C106,Returning,2026-01-31
CUST3803,C101,New,2026-05-20
CUST3804,C104,Returning,2026-05-24
CUST3805,C106,Returning,2026-02-02
CUST3806,C103,Returning,2026-01-14
CUST3807,C104,New,2026-05-24
CUST3808,C100,High-value,2026-06-28
CUST3809,C100,High-value,2026-06-30
CUST3810,C114,New,2026-04-08
CUST3811,C119,High-value,2026-06-01
CUST3812,C118,New,2026-06-01
CUST3813,C109,New,2026-04-05
CUST3814,C117,New,2026-05-19
CUST3815,C102,New,2026-01-04
CUST3816,C110,Returning,2026-02-19
CUST3817,C114,New,2026-04-13
CUST3818,C110,New,2026-02-17
CUST3819,C116,New,2026-04-12
CUST3820,C116,New,2026-04-08
CUST3821,C105,New,2026-04-18
CUST3822,C104,Returning,2026-05-26
CUST3823,C107,New,2026-05-17
CUST3824,C101,High-value,2026-05-13
CUST3825,C115,Returning,2026-02-21
CUST3826,C119,New,2026-05-26
CUST3827,C111,High-value,2026-05-13
CUST3828,C105,New,2026-04-15
CUST3829,C100,New,2026-06-27
CUST3830,C103,New,2026-01-13
CUST3831,C116,New,2026-04-08
CUST3832,C112,Returning,2026-07-03
CUST3833,C117,Returning,2026-05-17
CUST3834,C104,New,2026-05-28
CUST3835,C102,Returning,2026-01-09
CUST3836,C110,New,2026-02-17
CUST3837,C112,Returning,2026-06-28
CUST3838,C103,New,2026-01-12
CUST3839,C113,New,2026-03-08
CUST3840,C110,New,2026-02-19
CUST3841,C109,New,2026-04-09
CUST3842,C118,Returning,2026-06-04
CUST3843,C117,Returning,2026-05-16
CUST3844,C105,New,2026-04-14
CUST3845,C114,Returning,2026-04-08
CUST3846,C109,Returning,2026-04-09
CUST3847,C104,High-value,2026-05-30
CUST3848,C104,New,2026-05-28
CUST3849,C109,New,2026-03-31
CUST3850,C104,High-value,2026-05-24
CUST3851,C102,Returning,2026-01-02
CUST3852,C105,New,2026-04-13
CUST3853,C103,New,2026-01-13
CUST3854,C117,New,2026-05-19
CUST3855,C108,Returning,2026-01-19
CUST3856,C116,Returning,2026-04-07
CUST3857,C112,New,2026-06-28
CUST3858,C114,Returning,2026-04-12
CUST3859,C119,Returning,2026-05-24
CUST3860,C116,Returning,2026-04-06
CUST3861,C112,Returning,2026-06-29
CUST3862,C115,Returning,2026-02-27
CUST3863,C103,New,2026-01-11
CUST3864,C104,High-value,2026-05-31
CUST3865,C104,New,2026-05-27
CUST3866,C108,New,2026-01-19
CUST3867,C116,New,2026-04-08
CUST3868,C112,New,2026-06-30
CUST3869,C101,New,2026-05-19
CUST3870,C112,New,2026-07-01
CUST3871,C118,Returning,2026-06-08
CUST3872,C102,New,2026-01-04
CUST3873,C109,Returning,2026-04-01
CUST3874,C101,New,2026-05-14
CUST3875,C112,High-value,2026-07-03
CUST3876,C118,Returning,2026-06-05
CUST3877,C116,New,2026-04-10
CUST3878,C113,Returning,2026-03-04
CUST3879,C111,Returning,2026-05-06
CUST3880,C111,Returning,2026-05-08
CUST3881,C110,Returning,2026-02-16
CUST3882,C106,Returning,2026-01-27
CUST3883,C103,Returning,2026-01-13
CUST3884,C118,New,2026-06-02
CUST3885,C100,New,2026-07-03
CUST3886,C102,Returning,2026-01-03
CUST3887,C112,New,2026-06-29
CUST3888,C114,New,2026-04-13
CUST3889,C101,New,2026-05-13
CUST3890,C110,New,2026-02-16
CUST3891,C103,High-value,2026-01-06
CUST3892,C118,New,2026-06-06
CUST3893,C116,New,2026-04-09
CUST3894,C102,Returning,2026-01-09
CUST3895,C117,Returning,2026-05-21
CUST3896,C107,New,2026-05-25
CUST3897,C118,New,2026-06-06
CUST3898,C104,High-value,2026-05-29
CUST3899,C106,Returning,2026-01-29
CUST3900,C107,New,2026-05-21
CUST3901,C104,New,2026-05-23
CUST3902,C116,New,2026-04-15
CUST3903,C104,New,2026-05-28
CUST3904,C103,New,2026-01-12
CUST3905,C118,High-value,2026-06-08
CUST3906,C101,New,2026-05-17
CUST3907,C110,Returning,2026-02-20
CUST3908,C112,New,2026-07-07
CUST3909,C114,Returning,2026-04-13
CUST3910,C111,Returning,2026-05-12
CUST3911,C110,New,2026-02-16
CUST3912,C106,Returning,2026-02-05
CUST3913,C104,New,2026-05-23
CUST3914,C116,High-value,2026-04-07
CUST3915,C119,High-value,2026-05-26
CUST3916,C108,New,2026-01-23
CUST3917,C113,New,2026-03-10
CUST3918,C111,New,2026-05-05
CUST3919,C105,Returning,2026-04-20
CUST3920,C116,New,2026-04-12
CUST3921,C118,New,2026-06-08
CUST3922,C118,New,2026-06-07
CUST3923,C115,New,2026-02-23
CUST3924,C111,Returning,2026-05-04
CUST3925,C111,New,2026-05-05
CUST3926,C119,Returning,2026-05-24
CUST3927,C105,New,2026-04-16
CUST3928,C103,New,2026-01-10
CUST3929,C105,Returning,2026-04-16
CUST3930,C110,High-value,2026-02-19
CUST3931,C100,Returning,2026-06-27
CUST3932,C114,New,2026-04-11
CUST3933,C110,New,2026-02-16
CUST3934,C118,High-value,2026-06-09
CUST3935,C117,New,2026-05-21
CUST3936,C116,New,2026-04-06
CUST3937,C118,High-value,2026-06-07
CUST3938,C113,Returning,2026-03-06
CUST3939,C117,High-value,2026-05-17
CUST3940,C118,High-value,2026-06-02
CUST3941,C114,High-value,2026-04-07
CUST3942,C114,New,2026-04-10
CUST3943,C103,New,2026-01-05
CUST3944,C106,Returning,2026-02-04
CUST3945,C112,Returning,2026-07-04
CUST3946,C102,New,2026-01-03
CUST3947,C115,New,2026-02-24
CUST3948,C108,New,2026-01-20
CUST3949,C107,Returning,2026-05-19
CUST3950,C119,New,2026-05-29
CUST3951,C112,New,2026-07-03
CUST3952,C116,Returning,2026-04-14
CUST3953,C116,Returning,2026-04-10
CUST3954,C116,New,2026-04-09
CUST3955,C100,Returning,2026-06-26
CUST3956,C107,Returning,2026-05-26
CUST3957,C118,New,2026-05-31
CUST3958,C105,New,2026-04-15
CUST3959,C102,New,2026-01-03
CUST3960,C104,New,2026-05-28
CUST3961,C112,High-value,2026-07-04
CUST3962,C114,New,2026-04-06
CUST3963,C113,Returning,2026-03-06
CUST3964,C115,New,2026-02-28
CUST3965,C117,New,2026-05-20
CUST3966,C110,Returning,2026-02-17
CUST3967,C102,New,2026-01-07
CUST3968,C109,New,2026-04-07
CUST3969,C109,New,2026-04-05
CUST3970,C115,New,2026-02-23
CUST3971,C111,Returning,2026-05-04
CUST3972,C101,New,2026-05-17
CUST3973,C108,High-value,2026-01-15
CUST3974,C102,Returning,2026-01-01
CUST3975,C114,New,2026-04-14
CUST3976,C102,New,2026-01-10
CUST3977,C118,New,2026-06-06
CUST3978,C117,Returning,2026-05-15
CUST3979,C107,New,2026-05-22
CUST3980,C116,Returning,2026-04-06
CUST3981,C107,New,2026-05-23
CUST3982,C106,Returning,2026-02-01
CUST3983,C106,New,2026-01-30
CUST3984,C102,High-value,2026-01-07
CUST3985,C100,New,2026-06-26
CUST3986,C103,New,2026-01-05
CUST3987,C104,New,2026-05-25
CUST3988,C100,New,2026-06-26
CUST3989,C114,High-value,2026-04-06
CUST3990,C104,New,2026-05-23
CUST3991,C112,New,2026-07-02
CUST3992,C107,Returning,2026-05-24
CUST3993,C107,New,2026-05-17
CUST3994,C104,Returning,2026-05-25
CUST3995,C108,Returning,2026-01-18
CUST3996,C100,New,2026-06-28
CUST3997,C103,High-value,2026-01-11
CUST3998,C102,New,2026-01-08
CUST3999,C101,New,2026-05-16
